date,cpu_pct,memory_pct,api_latency_ms,error_count,api_calls,status
2026-07-01,30.8,55.4,705.3,5,1296,normal
2026-07-02,34.5,44.3,639.5,3,1090,normal
2026-07-03,32.0,54.9,1000.0,3,1000,normal
2026-07-04,25.9,45.4,755.1,5,1041,normal
2026-07-05,39.2,55.8,922.5,1,1355,normal
2026-07-06,32.5,51.5,710.9,4,1364,normal
2026-07-07,29.9,49.3,830.1,1,1109,normal
2026-07-08,23.5,53.9,757.1,2,1373,normal
2026-07-09,26.0,47.8,932.5,1,1138,normal
2026-07-10,34.1,67.2,935.6,0,1367,normal
2026-07-11,26.2,51.8,1166.2,0,1147,normal
2026-07-12,34.5,49.4,676.7,4,1265,normal
2026-07-13,31.5,52.5,1093.1,3,1440,normal
2026-07-14,37.8,54.9,527.4,2,1315,normal
2026-07-15,28.3,54.3,1111.1,6,1238,normal
2026-07-16,28.9,51.9,617.0,8,1408,normal
2026-07-17,24.7,48.8,891.3,2,1270,normal
2026-07-18,37.2,42.5,1037.8,2,1314,normal
2026-07-19,33.4,54.1,713.7,7,1383,normal
2026-07-20,21.0,59.5,814.1,0,1243,normal
2026-07-21,24.5,44.5,935.4,7,1354,normal
2026-07-22,31.1,52.1,546.7,1,1062,normal
2026-07-23,31.0,63.7,798.9,1,1443,normal
2026-07-24,26.8,52.9,585.3,0,1240,normal
2026-07-25,32.9,61.0,1298.2,1,1341,normal
2026-07-26,37.3,60.0,579.5,4,1438,normal
2026-07-27,24.1,59.2,865.1,0,1432,normal
2026-07-28,26.4,55.1,831.3,2,1272,normal
2026-07-29,21.4,66.5,774.6,3,1329,normal
2026-07-30,24.8,51.6,877.7,3,1009,normal
2026-07-31,29.4,67.0,741.7,4,1020,normal
2026-08-01,30.3,53.5,1068.6,4,1437,normal
2026-08-02,26.7,53.6,574.8,2,1475,normal
2026-08-03,49.1,59.1,572.9,3,1233,normal
2026-08-04,17.1,51.1,925.5,1,1044,normal
2026-08-05,34.0,58.4,954.3,5,1365,normal
2026-08-06,28.4,49.8,818.1,2,1224,normal
2026-08-07,23.9,56.3,754.8,3,1493,normal
2026-08-08,36.0,55.9,747.1,7,1338,normal
2026-08-09,21.7,57.3,1006.5,2,1342,normal
2026-08-10,33.5,42.3,920.7,0,1178,normal
2026-08-11,32.3,52.4,630.3,4,1449,normal
2026-08-12,88,91,3850,47,1181,incident
2026-08-13,36.5,47.6,915.1,1,1273,normal
2026-08-14,31.0,55.7,1019.5,1,1296,normal
2026-08-15,39.3,63.8,840.1,2,1197,normal
2026-08-16,18.1,48.6,920.3,6,1087,normal
2026-08-17,37.0,50.9,693.1,4,1027,normal
2026-08-18,46.8,51.7,686.8,0,1457,normal
2026-08-19,15.8,67.3,915.1,2,1096,normal
2026-08-20,28.9,54.1,971.1,2,1233,normal
2026-08-21,40.3,52.5,1030.8,0,1407,normal
2026-08-22,23.5,59.3,921.4,3,1089,normal
2026-08-23,30.0,62.8,836.0,6,1048,normal
2026-08-24,22.8,57.1,761.2,3,1057,normal
2026-08-25,29.8,54.6,679.6,3,1416,normal
2026-08-26,25.3,43.4,708.4,3,1202,normal
2026-08-27,26.2,54.2,722.9,1,1315,normal
2026-08-28,27.3,54.1,953.0,2,1473,normal
2026-08-29,27.8,67.5,892.5,3,1382,normal
2026-08-30,27.7,49.6,722.2,4,1013,normal
2026-08-31,14.0,42.1,732.3,3,1418,normal
2026-09-01,19.3,44.9,1001.5,3,1303,normal
2026-09-02,47.3,57.5,414.1,2,1264,normal
2026-09-03,26.6,63.2,2400,25,1046,warning
2026-09-04,26.0,52.1,723.4,2,1299,normal
2026-09-05,25.5,53.7,733.8,3,1199,normal
2026-09-06,21.6,48.8,641.2,1,1300,normal
2026-09-07,37.6,53.6,746.5,0,1388,normal
2026-09-08,30.5,46.2,978.7,5,1153,normal
2026-09-09,33.6,53.5,852.9,3,1431,normal
2026-09-10,29.9,61.8,745.1,4,1046,normal
2026-09-11,26.4,62.6,742.3,4,1072,normal
2026-09-12,29.3,51.0,492.2,1,1120,normal
2026-09-13,35.6,54.3,834.1,3,1344,normal
2026-09-14,23.7,69.2,977.5,5,1426,normal
2026-09-15,31.9,65.1,1111.8,0,1098,normal
2026-09-16,26.5,58.3,767.9,3,1380,normal
2026-09-17,38.9,55.6,882.8,3,1045,normal
2026-09-18,35.6,56.4,898.6,0,1305,normal
2026-09-19,16.3,51.4,918.7,2,1102,normal
2026-09-20,29.3,48.0,733.8,1,1123,normal
2026-09-21,41.2,59.5,906.0,3,1489,normal
2026-09-22,31.7,64.0,791.9,5,1259,normal
2026-09-23,34.6,55.1,1019.3,3,1036,normal
2026-09-24,35.5,44.3,316.1,5,1232,normal
2026-09-25,37.3,50.4,892.8,3,1091,normal
2026-09-26,17.7,58.1,919.3,1,1478,normal
2026-09-27,34.8,52.6,742.4,5,1186,normal
2026-09-28,36.0,46.2,1224.3,1,1175,normal
2026-09-29,29.7,43.8,791.3,2,1415,normal
2026-09-30,30.3,52.4,1165.5,0,1007,normal
