datetime,cpu_percent,memory_percent,memory_used_mb,bytes_sent_total,bytes_recv_total,bytes_sent_1sec,bytes_recv_1sec
2026-09-15 14:47:01,16.1,41.1,13361.4,2330694250,9187192018,12121,12161
2026-09-15 14:47:02,17.6,41.0,13335.2,2330702042,9187203959,7792,11941
2026-09-15 14:47:03,17.3,41.1,13344.8,2330710221,9187215625,8179,11666
2026-09-15 14:47:04,15.7,41.1,13338.1,2330714339,9187226989,4118,11364
2026-09-15 14:47:05,15.9,41.0,13336.1,2330729414,9187231094,15075,4105
2026-09-15 14:47:06,37.9,41.3,13424.2,2330737103,9187246631,7689,15537
2026-09-15 14:47:07,29.2,41.4,13465.0,2330738568,9187248877,1465,2246
2026-09-15 14:47:08,20.3,41.5,13479.3,2330745531,9187257646,6963,8769
2026-09-15 14:47:09,31.9,41.7,13553.9,2330746585,9187259749,1054,2103
2026-09-15 14:47:10,15.0,41.6,13511.3,2330747631,9187261830,1046,2081
2026-09-15 14:47:11,14.2,41.6,13523.0,2330748714,9187263636,1083,1806
2026-09-15 14:47:12,12.0,41.6,13517.1,2330753574,9187267231,4860,3595
2026-09-15 14:47:13,12.9,41.6,13504.1,2330754877,9187269430,1303,2199
2026-09-15 14:47:14,15.3,41.4,13464.9,2330756098,9187271428,1221,1998
2026-09-15 14:47:15,11.3,41.4,13454.6,2330756942,9187273409,844,1981
2026-09-15 14:47:16,12.5,41.4,13455.2,2330758046,9187275529,1104,2120
2026-09-15 14:47:17,11.1,41.4,13461.0,2330759063,9187277381,1017,1852
2026-09-15 14:47:18,16.4,41.5,13478.8,2330760652,9187280103,1589,2722
2026-09-15 14:47:19,15.0,41.5,13484.4,2330762103,9187282380,1451,2277
2026-09-15 14:47:20,17.3,41.5,13488.2,2330763579,9187284487,1476,2107
2026-09-15 14:47:21,14.2,41.5,13489.7,2330764606,9187286630,1027,2143
2026-09-15 14:47:22,12.6,41.2,13380.4,2330765736,9187288480,1130,1850
2026-09-15 14:47:23,12.2,41.2,13376.9,2330767210,9187291085,1474,2605
2026-09-15 14:47:24,14.4,41.2,13397.2,2330769009,9187293796,1799,2711
2026-09-15 14:47:25,13.9,41.2,13401.8,2330770320,9187296256,1311,2460
2026-09-15 14:47:26,20.5,41.3,13431.5,2330780478,9187311114,10158,14858
2026-09-15 14:47:27,15.0,41.3,13431.6,2330789291,9187314727,8813,3613
2026-09-15 14:47:28,10.2,41.3,13422.5,2330790822,9187316895,1531,2168
2026-09-15 14:47:29,13.8,41.3,13422.4,2330791554,9187318249,732,1354
2026-09-15 14:47:30,14.4,41.3,13419.2,2330792749,9187320790,1195,2541
2026-09-15 14:47:31,11.9,41.2,13396.3,2330794563,9187323400,1814,2610
2026-09-15 14:47:32,13.1,41.3,13410.3,2330795621,9187325121,1058,1721
2026-09-15 14:47:33,10.9,41.2,13381.6,2330796802,9187326822,1181,1701
2026-09-15 14:47:34,11.1,41.2,13402.0,2330798044,9187328722,1242,1900
2026-09-15 14:47:35,13.2,41.3,13405.4,2330799133,9187330980,1089,2258
2026-09-15 14:47:36,12.1,41.2,13392.6,2330801162,9187333755,2029,2775
2026-09-15 14:47:37,11.7,41.3,13403.2,2330802836,9187337874,1674,4119
2026-09-15 14:47:38,10.5,41.2,13396.3,2330804475,9187340098,1639,2224
2026-09-15 14:47:39,9.9,41.1,13358.2,2330805187,9187341981,712,1883
2026-09-15 14:47:40,10.5,41.1,13359.7,2330806096,9187343829,909,1848
2026-09-15 14:47:41,11.9,41.2,13385.9,2330806958,9187345410,862,1581
2026-09-15 14:47:42,11.5,41.1,13352.5,2330808514,9187348401,1556,2991
2026-09-15 14:47:43,10.9,41.0,13334.6,2330810436,9187350745,1922,2344
2026-09-15 14:47:44,10.3,41.1,13354.8,2330811648,9187352835,1212,2090
2026-09-15 14:47:45,11.5,41.1,13351.1,2330812791,9187354822,1143,1987
2026-09-15 14:47:46,13.1,41.1,13354.4,2330814011,9187357254,1220,2432
2026-09-15 14:47:47,13.2,41.1,13343.1,2330815034,9187366684,1023,9430
2026-09-15 14:47:48,16.2,41.0,13332.2,2330816351,9187368793,1317,2109
2026-09-15 14:47:49,13.0,41.1,13345.6,2330817713,9187371147,1362,2354
2026-09-15 14:47:50,14.0,41.1,13357.8,2330819112,9187373895,1399,2748
2026-09-15 14:47:51,11.9,41.1,13354.8,2330820037,9187375775,925,1880
2026-09-15 14:47:52,12.9,41.1,13344.7,2330820627,9187377347,590,1572
2026-09-15 14:47:53,12.9,41.0,13318.9,2330829015,9187382123,8388,4776
2026-09-15 14:47:54,48.8,41.5,13487.1,2330833490,9187422898,4475,40775
2026-09-15 14:47:55,38.8,41.5,13493.9,2330834800,9187425436,1310,2538
2026-09-15 14:47:56,10.1,41.5,13490.9,2330835902,9187427526,1102,2090
2026-09-15 14:47:57,14.2,41.5,13472.8,2330837677,9187430132,1775,2606
2026-09-15 14:47:58,13.8,41.4,13449.0,2330838692,9187432241,1015,2109
2026-09-15 14:47:59,13.9,41.4,13444.9,2330839894,9187434137,1202,1896
2026-09-15 14:48:00,13.1,41.4,13463.8,2330841025,9187436648,1131,2511
2026-09-15 14:48:01,14.3,41.4,13443.1,2330844070,9187441098,3045,4450
2026-09-15 14:48:02,13.6,41.5,13467.8,2330845000,9187443090,930,1992
2026-09-15 14:48:03,13.3,41.4,13440.4,2330846326,9187445503,1326,2413
2026-09-15 14:48:04,15.0,40.8,13242.1,2330847927,9187447754,1601,2251
2026-09-15 14:48:05,13.3,40.8,13247.1,2330848858,9187449566,931,1812
2026-09-15 14:48:06,13.2,40.7,13237.6,2330850315,9187451941,1457,2375
2026-09-15 14:48:07,11.9,40.8,13247.9,2330852080,9187454502,1765,2561
2026-09-15 14:48:08,18.7,40.8,13250.5,2330853409,9187457482,1329,2980
2026-09-15 14:48:09,16.3,40.8,13246.7,2330868178,9187460279,14769,2797
2026-09-15 14:48:10,16.1,40.8,13250.6,2330871911,9187471516,3733,11237
2026-09-15 14:48:11,15.4,40.8,13241.5,2330874109,9187476085,2198,4569
2026-09-15 14:48:12,18.7,40.7,13234.6,2330877769,9187483780,3660,7695
2026-09-15 14:48:13,19.2,40.8,13259.3,2330881702,9187492054,3933,8274
2026-09-15 14:48:14,19.2,40.9,13275.0,2330885503,9187499734,3801,7680
2026-09-15 14:48:15,17.5,40.8,13254.4,2330888621,9187506357,3118,6623
2026-09-15 14:48:16,13.8,40.8,13264.9,2330890003,9187509225,1382,2868
2026-09-15 14:48:17,18.1,40.7,13238.4,2330893114,9187515659,3111,6434
2026-09-15 14:48:18,22.1,40.8,13270.7,2330897799,9187524744,4685,9085
2026-09-15 14:48:19,16.6,40.8,13265.9,2330901826,9187532361,4027,7617
2026-09-15 14:48:20,20.8,40.9,13287.2,2330905631,9187540285,3805,7924
2026-09-15 14:48:21,16.0,40.9,13281.2,2330907413,9187544044,1782,3759
2026-09-15 14:48:22,16.0,40.9,13287.0,2330923787,9187549679,16374,5635
2026-09-15 14:48:23,13.4,40.9,13284.1,2330928382,9187558328,4595,8649
2026-09-15 14:48:24,16.8,40.8,13242.9,2330930012,9187560959,1630,2631
2026-09-15 14:48:25,15.6,40.7,13240.1,2330930989,9187563036,977,2077
2026-09-15 14:48:26,20.1,40.7,13226.7,2330931817,9187564745,828,1709
2026-09-15 14:48:27,19.1,40.8,13255.8,2330933120,9187566794,1303,2049
2026-09-15 14:48:28,16.9,40.8,13244.7,2330934574,9187569600,1454,2806
2026-09-15 14:48:29,16.3,40.8,13245.8,2330939647,9187572049,5073,2449
2026-09-15 14:48:30,12.6,40.7,13234.3,2330941652,9187575276,2005,3227
2026-09-15 14:48:31,13.7,40.8,13243.8,2330942882,9187577651,1230,2375
2026-09-15 14:48:32,13.3,40.7,13218.8,2330943828,9187579332,946,1681
2026-09-15 14:48:33,14.0,40.8,13257.0,2330945519,9187581631,1691,2299
2026-09-15 14:48:34,13.1,40.8,13241.9,2330946636,9187583831,1117,2200
2026-09-15 14:48:35,21.9,40.7,13217.6,2330948032,9187586241,1396,2410
2026-09-15 14:48:36,16.0,40.4,13130.9,2330958051,9187596966,10019,10725
2026-09-15 14:48:37,13.8,40.4,13134.7,2330959053,9187599060,1002,2094
2026-09-15 14:48:38,16.3,40.4,13126.9,2330960220,9187601046,1167,1986
2026-09-15 14:48:39,19.3,40.6,13184.6,2330961385,9187603400,1165,2354
2026-09-15 14:48:40,14.8,40.6,13178.1,2330962839,9187605866,1454,2466
2026-09-15 14:48:41,14.0,40.6,13181.0,2330964212,9187608354,1373,2488
2026-09-15 14:48:42,12.1,40.5,13168.8,2330965715,9187610688,1503,2334
2026-09-15 14:48:43,12.1,40.5,13146.6,2330967058,9187612745,1343,2057
2026-09-15 14:48:44,12.6,40.5,13174.2,2330967831,9187614277,773,1532
2026-09-15 14:48:45,13.3,40.5,13171.1,2330969492,9187616942,1661,2665
2026-09-15 14:48:46,29.6,40.6,13180.4,2330970414,9187618900,922,1958
2026-09-15 14:48:47,9.6,40.5,13152.9,2330971515,9187620514,1101,1614
2026-09-15 14:48:48,13.8,40.5,13155.9,2330972964,9187623295,1449,2781
2026-09-15 14:48:49,11.5,40.5,13155.5,2330974076,9187625269,1112,1974
2026-09-15 14:48:50,11.1,40.4,13125.0,2330975157,9187627295,1081,2026
2026-09-15 14:48:51,12.8,40.3,13104.3,2330976087,9187629116,930,1821
2026-09-15 14:48:52,12.3,40.3,13102.2,2330976959,9187630837,872,1721
2026-09-15 14:48:53,11.7,40.4,13112.8,2330987557,9187643409,10598,12572
2026-09-15 14:48:55,27.4,40.5,13156.9,2330990343,9187649920,2786,6511
2026-09-15 14:48:56,17.3,40.6,13186.4,2331036024,9187667034,45681,17114
2026-09-15 14:48:57,21.1,40.6,13201.5,2331038169,9187683403,2145,16369
2026-09-15 14:48:58,15.4,40.6,13194.0,2331051388,9187689284,13219,5881
2026-09-15 14:48:59,15.9,40.7,13210.9,2331052585,9187691614,1197,2330
2026-09-15 14:49:00,19.4,40.7,13218.7,2331053455,9187693891,870,2277
2026-09-15 14:49:01,15.0,40.7,13207.8,2331058780,9187698873,5325,4982
2026-09-15 14:49:02,25.4,40.8,13245.8,2331069659,9187701055,10879,2182
2026-09-15 14:49:03,28.7,40.8,13249.1,2331070680,9187705039,1021,3984
2026-09-15 14:49:04,16.7,40.7,13218.2,2331072261,9187706777,1581,1738
2026-09-15 14:49:05,26.4,40.8,13262.2,2331112008,9187715623,39747,8846
2026-09-15 14:49:06,28.0,40.8,13271.6,2331113349,9187756847,1341,41224
2026-09-15 14:49:07,18.8,40.9,13284.9,2331127400,9187761288,14051,4441
2026-09-15 14:49:08,21.0,40.8,13256.8,2331128773,9187764592,1373,3304
2026-09-15 14:49:09,29.8,40.9,13285.4,2331131075,9187772853,2302,8261
2026-09-15 14:49:10,23.3,40.9,13296.0,2331133828,9187780756,2753,7903
2026-09-15 14:49:11,21.3,41.0,13306.3,2331136399,9187788143,2571,7387
2026-09-15 14:49:12,18.8,40.9,13291.5,2331138947,9187818521,2548,30378
2026-09-15 14:49:13,48.6,41.0,13335.5,2331144250,9187821581,5303,3060
2026-09-15 14:49:14,24.3,40.8,13264.4,2331146950,9187824411,2700,2830
2026-09-15 14:49:15,17.7,40.8,13253.3,2331147657,9187864310,707,39899
2026-09-15 14:49:16,23.9,40.8,13266.9,2331149243,9187868296,1586,3986
2026-09-15 14:49:17,21.3,40.9,13279.8,2331150172,9187870042,929,1746
2026-09-15 14:49:18,21.2,40.9,13283.9,2331155993,9187877380,5821,7338
2026-09-15 14:49:19,17.1,40.9,13279.8,2331158424,9188248439,2431,371059
2026-09-15 14:49:20,19.2,40.8,13271.9,2331160135,9188251183,1711,2744
2026-09-15 14:49:21,22.1,40.9,13292.7,2331160912,9188252818,777,1635
2026-09-15 14:49:22,19.2,40.9,13275.0,2331162355,9188255068,1443,2250
2026-09-15 14:49:23,16.9,40.9,13278.5,2331163012,9188256816,657,1748
2026-09-15 14:49:24,21.8,40.9,13288.3,2331164582,9188259499,1570,2683
2026-09-15 14:49:25,23.7,40.8,13271.7,2331196022,9188263272,31440,3773
2026-09-15 14:49:26,22.5,40.8,13246.7,2331198266,9188275596,2244,12324
