date,region,product,amount,qty,memo
2026-08-10,경기,상품_07,871276,43,
2026-04-10,충청,상품_05,4702115,58,
2025-10-06,서울,상품_04,1299101,25,정상
2026-08-14,서울,상품_09,4167351,59,
2026-05-25,경기,상품_14,2557456,27,재구매
2026-06-28,충청,상품_05,2504588,15,정상
2026-05-12,인천,상품_10,1218934,21,
2026-03-05,경기,상품_05,2807158,27,신규고객
2026-07-26,경기,상품_18,4828162,31,
2025-12-01,강원,상품_10,4150498,48,할인적용
2026-02-03,서울,상품_10,3326982,85,
2025-11-14,서울,상품_07,854304,26,재구매
2025-10-13,인천,상품_15,4976472,30,배송주의
2026-07-05,충청,상품_18,3650195,62,할인적용
2025-11-21,인천,상품_10,1032626,78,신규고객
2026-02-16,서울,상품_08,1544215,56,
2025-11-06,인천,상품_08,2019686,55,정상
2026-03-06,제주,상품_20,1165192,39,
2025-11-11,서울,상품_10,2168328,2,할인적용
2025-12-22,경기,상품_18,3581596,4,재구매
2026-03-26,전라,상품_10,4007122,87,재구매
2025-09-17,전라,상품_11,905570,26,신규고객
2026-05-02,경기,상품_16,837559,62,신규고객
2026-01-06,서울,상품_06,2495174,26,배송주의
2026-06-03,서울,상품_06,3343989,23,대량주문
2026-04-20,강원,상품_08,634347,17,할인적용
2026-01-16,강원,상품_08,1409849,76,
2026-06-17,전라,상품_15,1197383,35,할인적용
2026-04-27,제주,상품_20,4658324,30,
2026-05-03,제주,상품_15,3153779,80,
2026-04-20,경기,상품_14,2451828,89,
2025-12-19,강원,상품_10,1935122,96,신규고객
2025-12-22,강원,상품_19,4058214,22,
2025-12-10,충청,상품_02,970467,85,정상
2026-09-13,경상,상품_18,4948732,92,
2026-01-11,경기,상품_01,1086960,12,배송주의
2026-03-31,충청,상품_07,947075,71,대량주문
2026-04-29,경기,상품_04,4917111,73,할인적용
2026-01-11,충청,상품_12,4841903,36,신규고객
2025-12-10,경기,상품_09,2652994,33,신규고객
2025-10-08,제주,상품_02,4184199,29,배송주의
2026-05-10,경기,상품_06,1659321,62,
2026-05-11,인천,상품_15,3401094,85,
2026-05-09,전라,상품_14,4484315,29,대량주문
2025-12-05,강원,상품_02,2519783,22,
2025-10-15,충청,상품_19,3523280,51,배송주의
2025-12-15,제주,상품_12,465855,70,배송주의
2025-12-17,제주,상품_10,1060030,76,할인적용
2026-06-14,경상,상품_17,3397911,44,
2026-04-21,충청,상품_05,223401,5,할인적용
2026-02-17,경상,상품_09,1602322,62,대량주문
2026-01-17,인천,상품_07,3279251,72,신규고객
2025-12-01,경기,상품_14,549038,82,재구매
2026-03-15,강원,상품_15,2388968,80,
2026-08-23,서울,상품_09,850668,39,
2026-06-28,강원,상품_01,3727010,73,배송주의
2026-02-23,제주,상품_13,4536685,12,
2026-04-13,경상,상품_08,134876,12,신규고객
2026-03-26,경기,상품_03,3021423,10,배송주의
2026-09-15,경기,상품_17,413165,94,할인적용
2026-05-20,제주,상품_09,3565769,31,
2026-03-30,충청,상품_01,398215,79,
2026-03-05,인천,상품_02,2160107,76,배송주의
2026-08-25,경상,상품_04,2091176,84,재구매
2026-09-05,제주,상품_02,1882264,99,
2026-02-12,경기,상품_01,1652623,48,신규고객
2026-08-02,강원,상품_20,3769156,95,대량주문
2026-04-01,전라,상품_09,2061488,7,대량주문
2026-04-23,경상,상품_06,4853090,48,대량주문
2025-11-18,경상,상품_12,1199659,71,재구매
2025-11-26,경기,상품_16,2470629,24,
2026-06-25,경상,상품_19,3081217,3,할인적용
2026-06-11,강원,상품_14,4362852,46,
2025-12-03,제주,상품_07,4463685,87,
2025-12-29,제주,상품_09,2581919,83,
2026-03-01,전라,상품_08,1670021,45,정상
2026-02-02,서울,상품_13,1486594,92,대량주문
2026-07-05,경상,상품_10,1090225,86,재구매
2026-08-30,인천,상품_02,3271433,66,재구매
2026-07-10,강원,상품_12,2019700,61,신규고객
2025-12-27,서울,상품_15,4473656,45,
2026-01-15,경기,상품_20,2721667,71,
2026-04-09,충청,상품_17,4117334,74,정상
2026-02-12,충청,상품_04,1795430,71,대량주문
2026-06-21,전라,상품_01,3172062,9,대량주문
2026-08-01,서울,상품_15,4422682,89,
2026-07-22,제주,상품_10,1236765,20,
2025-09-30,인천,상품_04,4936909,30,
2026-04-16,서울,상품_13,4403833,25,재구매
2026-04-16,서울,상품_10,1890011,54,할인적용
2026-05-09,인천,상품_01,4272686,56,
2025-11-11,전라,상품_15,735721,51,정상
2026-01-17,경기,상품_19,745072,86,
2026-06-22,경기,상품_06,2618527,25,정상
2026-08-16,서울,상품_06,946348,74,
2026-08-27,충청,상품_20,2361164,84,정상
2025-10-11,전라,상품_15,3883378,55,
2026-04-01,충청,상품_02,3405192,8,할인적용
2026-02-05,경기,상품_16,2250539,49,신규고객
2026-04-09,강원,상품_03,2397672,86,재구매
2026-01-17,경기,상품_20,403613,63,
2026-04-28,강원,상품_03,639967,12,
2026-03-03,충청,상품_17,616476,63,
2026-05-11,강원,상품_09,1514010,98,배송주의
2026-06-30,제주,상품_16,3471247,69,재구매
2026-01-16,서울,상품_19,1403098,79,대량주문
2026-08-02,강원,상품_12,2060144,93,대량주문
2026-03-24,충청,상품_03,1396710,37,재구매
2026-08-24,서울,상품_04,2603015,76,정상
2026-01-06,경기,상품_05,2834698,1,할인적용
2026-02-06,인천,상품_03,1226472,29,
2026-04-13,인천,상품_17,2662359,64,
2025-10-13,서울,상품_11,4210369,24,정상
2026-04-25,경기,상품_05,179550,30,재구매
2025-10-29,충청,상품_05,3142671,80,재구매
2026-05-12,충청,상품_10,2995125,52,
2025-10-11,강원,상품_06,3770190,14,배송주의
2026-07-15,충청,상품_20,2142352,84,재구매
2026-08-16,경기,상품_20,2033943,61,재구매
2026-05-23,인천,상품_20,4122590,32,대량주문
2026-04-20,경기,상품_20,457709,32,
2026-03-30,경기,상품_03,1483031,43,
2026-07-23,전라,상품_05,2643356,5,할인적용
2026-02-12,경상,상품_19,377188,14,정상
2026-04-05,경상,상품_07,4249876,8,배송주의
2025-09-24,경상,상품_19,3733618,59,배송주의
2026-08-03,경상,상품_16,980258,62,
2026-03-25,전라,상품_07,251971,55,배송주의
2026-01-26,충청,상품_17,1377007,90,
2026-08-20,전라,상품_08,3595078,70,재구매
2025-10-12,강원,상품_16,4094589,96,
2025-10-02,제주,상품_07,1126927,29,재구매
2026-08-04,강원,상품_01,2176810,14,
2025-11-12,경기,상품_12,2726949,28,정상
2026-08-27,서울,상품_09,1173650,61,
2026-06-09,경기,상품_08,3908397,60,대량주문
2026-09-07,인천,상품_04,2573325,16,정상
2026-06-22,경상,상품_04,3755575,63,
2026-01-16,서울,상품_04,707800,97,정상
2025-12-24,인천,상품_11,3347006,42,배송주의
2026-04-05,서울,상품_07,866149,82,
2025-10-16,강원,상품_18,1020911,48,
2025-11-27,경기,상품_18,1464999,31,정상
2025-10-30,충청,상품_06,4382622,7,재구매
2026-09-06,인천,상품_11,1076654,17,
2026-07-26,경기,상품_06,1009357,74,
2026-03-11,서울,상품_05,1255079,35,신규고객
2025-12-27,서울,상품_03,1446097,10,
2026-04-14,강원,상품_17,174422,71,배송주의
2026-04-25,충청,상품_05,1371751,6,대량주문
2025-10-28,경상,상품_16,2717666,77,할인적용
2025-10-30,경상,상품_13,1031406,41,배송주의
2026-05-27,강원,상품_19,773966,53,정상
2026-07-10,인천,상품_15,3262595,33,배송주의
2026-06-12,제주,상품_06,3593385,82,
2026-02-02,경기,상품_09,1603420,50,
2025-09-26,인천,상품_01,337385,35,
2026-02-06,충청,상품_11,2673704,78,재구매
2026-03-12,경기,상품_12,4125516,48,정상
2026-04-24,전라,상품_10,4377040,24,
2026-07-14,경상,상품_04,4753657,47,
2026-01-19,서울,상품_15,2196530,17,정상
2025-12-06,서울,상품_03,1961221,56,
2026-08-31,강원,상품_05,4260691,24,할인적용
2025-10-15,전라,상품_09,3270608,51,
2026-09-02,경기,상품_20,2937003,1,
2026-05-08,인천,상품_16,3828735,82,
2026-03-20,강원,상품_03,4848264,26,정상
2026-04-29,강원,상품_11,388471,27,할인적용
2026-02-07,인천,상품_07,1062585,63,
2026-01-04,경상,상품_08,366715,38,정상
2025-12-18,전라,상품_05,779904,89,
2026-04-11,전라,상품_16,3247915,74,배송주의
2025-10-21,제주,상품_12,1852438,77,
2026-05-27,서울,상품_19,2929694,29,
2026-07-01,충청,상품_09,3118286,27,
2026-02-17,제주,상품_05,4398280,29,대량주문
2026-07-12,인천,상품_12,941241,95,정상
2026-07-28,제주,상품_20,465072,27,정상
2026-08-10,강원,상품_11,449955,7,
2026-02-14,충청,상품_03,1728036,36,재구매
2026-06-14,제주,상품_17,2438533,83,
2025-10-17,충청,상품_12,1222532,21,
2026-02-12,경기,상품_06,4668734,26,
2026-06-30,전라,상품_19,938364,68,
2026-04-15,강원,상품_02,2881317,11,배송주의
2026-09-05,서울,상품_15,2195352,4,배송주의
2026-08-31,경기,상품_13,3035781,29,재구매
2025-10-26,경기,상품_20,3229842,37,
2026-03-02,제주,상품_13,4196646,74,
2025-11-30,제주,상품_19,3001269,8,
2025-09-17,경기,상품_10,795837,53,정상
2026-08-06,경기,상품_08,1207696,72,신규고객
2026-04-16,서울,상품_01,4544023,82,
2025-11-06,제주,상품_16,1703672,37,할인적용
2026-08-04,강원,상품_19,2709336,92,배송주의
2026-02-11,전라,상품_20,2278089,1,
2026-04-05,인천,상품_15,4617936,40,재구매
2025-11-09,경상,상품_20,2653870,50,대량주문
2025-10-11,충청,상품_02,3843120,38,재구매
2026-09-12,충청,상품_10,3021738,46,정상
2025-11-09,경기,상품_18,3530961,47,배송주의
2025-12-18,충청,상품_12,1113605,64,대량주문
2025-09-25,전라,상품_07,4342344,42,
2025-09-26,강원,상품_16,633570,2,
2025-11-21,경기,상품_03,2577941,30,할인적용
2026-04-22,제주,상품_13,3054465,79,할인적용
2026-02-13,강원,상품_13,3598066,35,
2026-01-11,인천,상품_02,2656407,96,
2025-09-27,강원,상품_03,4407933,71,
2026-07-10,제주,상품_01,4352920,41,할인적용
2025-12-09,인천,상품_02,657625,46,정상
2026-05-16,경상,상품_13,2715985,5,
2026-04-20,경상,상품_08,1109175,46,대량주문
2026-04-26,제주,상품_08,2260134,64,
2025-12-17,제주,상품_12,600250,26,
2025-10-25,충청,상품_05,873000,14,
2025-10-18,강원,상품_16,1904320,85,배송주의
2026-03-25,경기,상품_11,1438768,82,정상
2026-02-03,서울,상품_02,3952307,62,
2026-07-27,인천,상품_08,2280827,5,정상
2026-03-02,경기,상품_19,4829484,45,
2025-12-09,서울,상품_17,4001396,46,신규고객
2026-08-21,경기,상품_20,1877252,79,
2026-02-13,서울,상품_17,2853729,99,
2026-01-05,서울,상품_17,2955742,3,
2026-06-06,인천,상품_03,3233858,38,대량주문
2026-01-22,경기,상품_17,105858,14,할인적용
2026-03-26,전라,상품_16,1792100,62,
2026-01-19,인천,상품_15,4357536,66,재구매
2025-09-23,제주,상품_07,4919098,63,정상
2025-12-17,강원,상품_06,1660894,81,신규고객
2026-04-04,강원,상품_18,1902589,9,대량주문
2026-06-21,경상,상품_05,1749069,85,재구매
2026-06-18,경상,상품_03,2113558,6,
2026-04-25,충청,상품_15,3020921,96,
2025-12-05,제주,상품_06,3974895,58,정상
2025-12-17,전라,상품_12,3005044,38,정상
2025-11-23,서울,상품_17,4649250,1,재구매
2026-07-14,제주,상품_01,2694323,57,
2026-06-10,경상,상품_10,3733318,25,재구매
2025-11-28,경기,상품_06,1339352,53,배송주의
2025-10-28,인천,상품_19,2023533,15,정상
2025-09-22,강원,상품_15,3476139,43,정상
2026-03-02,전라,상품_09,2492473,57,배송주의
2026-06-05,충청,상품_16,4508204,69,
2025-10-17,제주,상품_10,4052314,17,재구매
2026-07-11,인천,상품_10,3661831,37,
2026-05-22,충청,상품_10,990393,44,할인적용
2026-08-07,제주,상품_14,4679829,2,신규고객
2025-09-20,경상,상품_20,1492017,60,정상
2025-11-21,인천,상품_02,3906520,64,할인적용
2026-06-06,경상,상품_19,2807863,2,
2026-04-02,인천,상품_15,2539795,35,할인적용
2026-03-14,강원,상품_13,1419801,26,재구매
2025-10-14,경기,상품_13,2246525,1,정상
2026-04-06,제주,상품_13,2206852,1,
2025-12-20,강원,상품_10,548661,80,할인적용
2025-09-22,서울,상품_09,4249733,38,
2025-10-14,충청,상품_12,1295307,3,
2025-10-25,제주,상품_10,2150759,80,재구매
2026-04-21,충청,상품_03,2596118,42,
2026-07-14,서울,상품_07,3038698,32,배송주의
2026-08-09,경상,상품_16,2266775,28,재구매
2026-09-06,서울,상품_01,827239,28,정상
2026-06-02,경기,상품_07,3244329,42,대량주문
2026-06-11,전라,상품_10,2784446,76,
2025-12-29,강원,상품_15,1443087,62,
2026-07-20,충청,상품_05,1047221,95,
2026-01-01,서울,상품_13,3330056,59,재구매
2026-08-23,경상,상품_04,3884151,94,정상
2026-05-18,인천,상품_02,708958,2,
2026-09-03,충청,상품_01,2999787,50,신규고객
2026-02-14,경기,상품_04,4322965,36,배송주의
2025-11-25,경상,상품_15,1463593,69,정상
2026-05-20,제주,상품_19,1415590,60,신규고객
2026-04-23,강원,상품_18,3928109,11,
2025-11-24,경상,상품_10,4915921,42,
2026-07-02,충청,상품_15,4523304,34,
2026-02-01,서울,상품_03,960128,3,신규고객
2025-11-05,경기,상품_16,3099492,100,대량주문
2025-12-17,전라,상품_15,280946,74,신규고객
2025-11-29,충청,상품_19,4335293,39,배송주의
2025-10-24,경기,상품_12,4169974,13,할인적용
2026-09-12,인천,상품_13,3197997,32,
2026-07-28,제주,상품_12,2770317,88,
2025-11-14,전라,상품_18,869089,37,정상
2025-11-02,인천,상품_03,589630,57,배송주의
2026-03-20,제주,상품_01,4720074,36,대량주문
2026-08-06,경기,상품_09,4025916,17,
2026-02-01,강원,상품_11,4113609,69,
2025-12-24,인천,상품_08,734629,26,재구매
2026-02-04,경상,상품_08,3355868,73,재구매
2025-09-29,강원,상품_03,4301479,99,신규고객
2025-12-10,경상,상품_10,1014606,33,대량주문
2026-02-10,인천,상품_06,657550,55,
2026-09-11,경기,상품_17,3804001,65,재구매
2025-10-07,제주,상품_03,3576796,9,재구매
2025-12-26,인천,상품_03,240492,63,
2026-06-21,충청,상품_13,2200541,99,신규고객
2026-01-03,경기,상품_20,1452450,61,대량주문
2025-09-26,충청,상품_10,2253267,11,
2026-02-05,강원,상품_17,4128788,7,
2025-12-28,경기,상품_07,2745525,25,배송주의
2026-05-08,인천,상품_18,1396959,22,
2026-07-06,전라,상품_14,4249355,13,정상
2025-10-24,경기,상품_10,1513684,100,
2025-10-27,인천,상품_08,2457764,98,
2025-10-18,경기,상품_05,1792134,86,정상
2026-04-30,경상,상품_09,962020,32,재구매
2025-12-17,경기,상품_05,2669246,76,재구매
2026-06-10,제주,상품_14,3591863,64,정상
2025-09-17,전라,상품_12,4769962,58,대량주문
2026-01-20,인천,상품_17,525622,32,
2026-02-22,제주,상품_17,1951415,50,
2026-08-08,제주,상품_08,1425691,21,
2026-04-13,충청,상품_14,1551329,70,
2025-11-16,경기,상품_14,429837,48,
2025-11-26,경상,상품_14,3926579,93,
2026-08-01,충청,상품_18,2952332,96,
2025-10-07,경기,상품_07,2184658,89,대량주문
2026-05-02,강원,상품_08,2565066,6,정상
2026-07-25,경상,상품_19,4486836,46,정상
2026-03-29,경기,상품_18,676634,33,
2026-05-28,충청,상품_02,4953067,88,정상
2026-07-03,경상,상품_12,4900543,45,정상
2025-11-09,경기,상품_20,3856054,62,
2025-12-25,전라,상품_08,1180754,53,배송주의
2026-03-20,전라,상품_07,886008,76,
2025-12-29,강원,상품_10,4693370,87,신규고객
2026-04-08,강원,상품_05,2750344,54,신규고객
2025-10-28,제주,상품_02,4537357,63,배송주의
2025-09-28,경상,상품_08,166917,84,
2026-05-02,충청,상품_02,4458985,55,
2026-01-15,인천,상품_19,1170328,90,
2026-02-16,강원,상품_14,3479620,64,
2026-04-25,경상,상품_16,1726349,100,재구매
2026-01-12,강원,상품_13,3995288,58,
2026-03-19,서울,상품_05,2900619,64,
2026-09-14,인천,상품_03,484289,35,
2026-08-10,경상,상품_18,3589227,84,
2026-01-14,충청,상품_14,2107740,58,신규고객
2025-10-17,강원,상품_05,2391861,83,
2026-08-07,경기,상품_11,1434582,5,정상
2025-11-13,충청,상품_05,2034328,100,대량주문
2026-03-05,강원,상품_04,629125,69,대량주문
2026-09-06,강원,상품_08,3198284,38,재구매
2026-03-27,전라,상품_13,661097,80,신규고객
2026-02-18,서울,상품_14,4921035,89,
2026-06-01,제주,상품_04,3204656,47,
2026-07-26,경기,상품_03,4903254,76,
2026-06-19,경상,상품_12,3797619,58,할인적용
2026-08-04,인천,상품_05,3535928,75,재구매
2026-07-28,제주,상품_13,2420238,100,신규고객
2025-10-29,인천,상품_10,1892862,15,정상
2026-05-02,전라,상품_16,1546328,14,신규고객
2026-09-09,전라,상품_14,634774,38,
2026-08-25,제주,상품_01,4931194,19,할인적용
2026-09-12,인천,상품_02,209578,83,정상
2026-01-28,서울,상품_20,583393,49,
2025-12-09,인천,상품_13,4508494,4,
2026-01-12,제주,상품_14,1420010,42,정상
2026-04-11,경상,상품_15,4353261,29,신규고객
2026-03-11,강원,상품_20,4713366,37,할인적용
2026-09-15,서울,상품_06,4861053,81,재구매
2026-04-11,전라,상품_12,47898,57,
2026-09-04,경기,상품_04,3427368,33,
2025-10-04,충청,상품_15,2666221,11,
2026-05-05,충청,상품_11,2188723,54,정상
2026-09-12,서울,상품_16,2430002,58,정상
2026-09-11,서울,상품_17,1718191,27,
2025-12-26,충청,상품_10,221152,28,신규고객
2026-03-10,충청,상품_06,2938550,73,
2025-12-02,강원,상품_01,1250079,46,
2026-08-22,강원,상품_12,1826179,35,신규고객
2026-05-02,서울,상품_18,1169377,46,
2026-02-15,전라,상품_06,2939724,48,
2026-04-03,경상,상품_09,1821141,94,
2026-09-03,인천,상품_10,751241,15,신규고객
2025-12-21,경기,상품_17,574793,29,
2026-08-24,전라,상품_13,3905750,39,정상
2026-07-17,경상,상품_05,166228,79,신규고객
2025-10-22,인천,상품_07,1348152,91,
2026-07-16,제주,상품_10,2399031,68,
2026-04-15,충청,상품_08,4545268,45,
2026-03-16,경기,상품_04,43951,42,
2026-01-23,서울,상품_13,80391,52,
2026-07-12,경기,상품_08,3547533,11,배송주의
2025-10-13,서울,상품_05,2549349,72,정상
2026-08-09,경상,상품_07,3102287,59,신규고객
2025-12-20,경상,상품_13,4310255,35,
2026-03-24,경기,상품_03,4455050,56,재구매
2026-04-26,제주,상품_01,4393799,54,
2026-05-13,제주,상품_05,185296,93,
2026-01-31,인천,상품_16,929458,42,
2026-07-14,경기,상품_16,3116464,4,배송주의
2026-04-17,경기,상품_10,3274152,49,대량주문
2025-09-21,서울,상품_06,1222240,81,
2026-06-16,서울,상품_12,237507,84,
2026-05-28,인천,상품_20,1439083,2,
2026-08-31,서울,상품_03,688310,11,배송주의
2026-03-17,서울,상품_04,1164750,98,대량주문
2026-03-01,경기,상품_17,3700565,21,신규고객
2026-03-26,경상,상품_13,51596,76,
2026-01-04,경기,상품_10,1231944,87,대량주문
2025-12-27,경상,상품_12,3068215,80,
2026-09-13,전라,상품_16,2226156,62,재구매
2026-04-10,경기,상품_19,900827,11,
2026-08-25,경기,상품_17,4414746,40,배송주의
2026-02-26,충청,상품_11,4653244,24,재구매
2026-08-26,충청,상품_01,3641390,53,신규고객
2026-07-14,충청,상품_17,3937226,79,
2026-05-15,전라,상품_09,4594178,73,
2026-02-28,서울,상품_19,2712646,97,
2026-06-01,충청,상품_13,4394063,75,
2026-06-27,경기,상품_06,1403565,32,신규고객
2026-08-03,충청,상품_18,4276890,26,신규고객
2026-01-27,전라,상품_04,21085,63,신규고객
2026-05-12,서울,상품_15,4569285,38,정상
2026-01-04,인천,상품_10,2564129,86,
2025-10-10,인천,상품_05,4514231,90,
2025-12-05,인천,상품_11,4952759,25,정상
2026-04-20,인천,상품_04,2149668,89,
2026-09-01,경기,상품_10,1197382,73,신규고객
2025-12-24,경상,상품_02,1672982,3,
2025-10-23,경기,상품_13,3816998,47,재구매
2025-12-21,인천,상품_01,3109003,93,정상
2026-07-07,강원,상품_17,1924036,66,
2026-07-30,강원,상품_10,3641140,72,
2026-06-09,경기,상품_14,58056,35,
2026-03-19,강원,상품_05,4155768,28,
2026-01-09,경기,상품_01,2238923,32,배송주의
2025-11-30,제주,상품_16,4419081,35,
2025-10-01,인천,상품_18,726952,68,
2026-01-05,제주,상품_08,3429296,7,신규고객
2026-04-12,경상,상품_04,4242343,69,
2025-11-25,경기,상품_13,4489648,43,
2025-09-19,서울,상품_09,3943448,82,신규고객
2025-10-17,서울,상품_16,1941683,67,
2026-06-11,충청,상품_16,3429741,23,
2025-11-12,경기,상품_15,223826,78,배송주의
2025-12-06,경상,상품_12,4574825,17,신규고객
2025-11-01,경기,상품_13,2618798,6,신규고객
2026-03-22,경상,상품_14,861294,36,
2026-02-02,전라,상품_16,194289,76,재구매
2026-08-01,충청,상품_13,2930705,32,배송주의
2025-11-28,제주,상품_10,876529,20,정상
2026-07-25,전라,상품_11,1936602,83,할인적용
2025-10-17,경기,상품_05,2323641,6,
2025-09-16,제주,상품_17,1257631,74,할인적용
2026-02-18,강원,상품_14,3080484,94,할인적용
2026-08-18,경상,상품_17,4542197,2,재구매
2026-03-11,서울,상품_06,4285989,35,재구매
2025-11-26,서울,상품_07,1229821,78,정상
2026-05-16,경상,상품_17,2821526,32,
2026-04-29,경상,상품_05,1975962,4,신규고객
2026-05-01,인천,상품_20,2456511,48,재구매
2026-02-16,전라,상품_15,4313914,96,할인적용
2026-07-23,서울,상품_18,152553,82,재구매
2026-04-10,인천,상품_01,2693834,21,
2026-05-21,경상,상품_13,2760406,34,
2025-10-31,경상,상품_03,4494622,98,할인적용
2025-12-09,서울,상품_20,1097299,78,정상
2026-03-01,경기,상품_05,4293255,2,할인적용
2025-10-17,강원,상품_01,4373660,61,배송주의
2025-11-21,충청,상품_04,3798831,73,
2026-07-28,경상,상품_11,1201600,93,할인적용
2025-09-29,경상,상품_06,3969147,47,
2025-11-29,서울,상품_19,1595416,21,
2026-01-04,인천,상품_08,632438,88,할인적용
2026-02-19,경상,상품_07,1332283,49,대량주문
2025-12-10,전라,상품_19,4339518,63,
2026-03-07,경상,상품_13,43493,55,할인적용
2026-03-04,강원,상품_09,3172098,88,재구매
2025-09-21,충청,상품_19,4142315,44,대량주문
2026-03-10,전라,상품_11,859284,29,대량주문
2026-03-28,경상,상품_19,4751644,9,재구매
2026-02-24,제주,상품_09,4902577,29,정상
2025-09-26,제주,상품_01,4534502,9,
2025-11-16,제주,상품_04,4375940,63,
2026-06-24,서울,상품_10,4199950,60,대량주문
2026-07-06,서울,상품_06,685947,41,신규고객
2026-03-29,전라,상품_01,4170106,9,
2026-04-25,경기,상품_12,3321873,76,
2026-01-07,경상,상품_11,2635505,94,정상
2025-11-16,서울,상품_17,2150950,41,배송주의
2026-09-15,제주,상품_15,3791820,22,
2026-05-27,충청,상품_05,2513472,19,정상
2026-08-12,강원,상품_04,2825780,40,할인적용
2026-07-21,제주,상품_01,2862246,6,대량주문
2026-01-05,전라,상품_08,3641558,5,대량주문
2026-03-21,강원,상품_14,4721869,62,배송주의
2025-09-27,제주,상품_16,2500817,30,
2025-09-16,전라,상품_20,4600817,81,
2025-11-06,경상,상품_16,1565708,74,배송주의
2026-06-02,제주,상품_11,770147,25,신규고객
2026-05-04,전라,상품_01,4171217,21,재구매
2026-02-02,경기,상품_14,1425422,77,
2026-05-26,충청,상품_01,4894534,94,배송주의
2025-10-29,전라,상품_13,4837517,94,할인적용
2026-03-31,경기,상품_04,2474832,35,
2026-02-28,전라,상품_05,3507978,56,배송주의
2025-10-30,강원,상품_10,2488402,20,대량주문
2026-07-29,전라,상품_15,4873297,31,대량주문
2025-11-24,제주,상품_18,4086662,66,배송주의
2026-08-10,강원,상품_05,668607,4,정상
2025-09-28,제주,상품_09,3175206,72,
2025-10-19,충청,상품_07,2716788,47,
2026-06-08,전라,상품_19,3076034,97,
2026-05-14,인천,상품_15,3756541,57,
2026-05-26,충청,상품_13,226278,50,할인적용
2026-01-25,강원,상품_19,816729,82,
2026-07-11,경기,상품_09,3697557,56,
2026-08-17,충청,상품_02,2366785,23,
2026-01-17,제주,상품_07,1933412,2,정상
2025-10-16,서울,상품_16,4009284,11,할인적용
2026-04-14,충청,상품_12,4252818,28,정상
2026-03-19,인천,상품_04,1542629,42,
2026-05-15,충청,상품_18,3827944,75,신규고객
2026-04-11,경기,상품_05,1658983,86,신규고객
2026-07-23,제주,상품_18,2194223,92,대량주문
2025-11-07,경상,상품_20,241374,98,할인적용
2026-01-31,전라,상품_18,137127,81,할인적용
2025-09-23,경기,상품_14,3992274,9,
2026-01-03,강원,상품_17,4048879,75,대량주문
2025-11-13,전라,상품_05,1271052,11,배송주의
2026-04-26,경상,상품_10,1250004,35,대량주문
2026-07-11,충청,상품_13,4249586,50,대량주문
2026-08-25,제주,상품_06,873557,31,
2025-10-16,전라,상품_05,4721364,85,대량주문
2025-11-12,충청,상품_10,3995084,54,
2026-01-09,인천,상품_12,4856103,39,대량주문
2026-03-27,제주,상품_02,1502535,78,
2025-12-27,충청,상품_17,3609025,96,
2026-07-12,경상,상품_11,2044034,3,
2026-09-01,경상,상품_07,2452659,20,신규고객
2026-08-28,인천,상품_11,3203503,72,재구매
2026-04-06,강원,상품_12,4744372,79,할인적용
2026-07-10,경기,상품_14,175582,22,할인적용
2025-09-23,충청,상품_04,3021885,38,정상
2026-03-28,강원,상품_13,2052065,20,할인적용
2026-07-23,강원,상품_04,3751766,100,정상
2025-09-23,경기,상품_16,2696174,49,신규고객
2026-03-17,경기,상품_12,1426968,23,
2026-06-02,서울,상품_05,2691493,20,정상
2026-07-26,전라,상품_08,4249009,46,
2026-02-13,충청,상품_09,1796051,32,배송주의
2026-04-03,제주,상품_01,1285936,37,할인적용
2026-03-17,경상,상품_02,798201,30,재구매
2026-07-03,충청,상품_05,4659111,100,재구매
2026-07-17,충청,상품_15,2932910,58,신규고객
2026-07-16,인천,상품_06,3662485,87,재구매
2026-05-04,인천,상품_14,2144863,29,배송주의
2026-07-08,경기,상품_13,543828,24,배송주의
2026-07-09,충청,상품_02,2813516,51,
2026-05-13,인천,상품_14,2027767,43,
2026-02-17,제주,상품_12,3295039,30,신규고객
2025-12-18,경기,상품_11,1684848,16,
2026-05-05,충청,상품_01,1630485,85,배송주의
2026-07-19,강원,상품_07,4890240,9,신규고객
2026-06-05,경상,상품_01,1372086,96,재구매
2026-04-16,인천,상품_08,4302906,13,
2026-08-30,경기,상품_15,810694,69,할인적용
2026-03-20,충청,상품_12,2818657,60,
2026-09-08,경기,상품_12,3430659,62,
2026-02-13,서울,상품_11,4993524,43,
2025-11-24,경기,상품_03,2322459,6,
2026-01-10,서울,상품_17,3017718,75,
2026-06-10,경기,상품_02,1295333,43,
2026-07-10,인천,상품_16,1874912,34,할인적용
2025-11-27,경기,상품_10,316622,87,배송주의
2026-06-21,경상,상품_18,3378054,98,
2026-09-01,전라,상품_14,1939300,38,배송주의
2026-05-01,전라,상품_08,4609168,7,재구매
2025-12-07,경기,상품_16,3341498,64,정상
2026-01-06,충청,상품_13,1328515,50,
2026-07-28,서울,상품_06,893182,52,배송주의
2026-05-05,서울,상품_15,3313989,31,배송주의
2025-09-17,인천,상품_13,3799904,18,
2026-02-23,경상,상품_05,125019,47,
2025-09-16,전라,상품_07,334361,54,대량주문
2026-03-23,경기,상품_02,1364729,83,할인적용
2026-03-08,전라,상품_02,12228,36,
2026-08-28,충청,상품_19,4706495,32,정상
2026-04-13,경상,상품_14,282119,7,재구매
2025-12-03,서울,상품_10,2249222,34,신규고객
2026-06-25,경기,상품_11,2674931,29,배송주의
2026-01-20,경기,상품_11,252461,74,
2025-10-30,강원,상품_17,2839118,50,재구매
2025-10-28,인천,상품_03,1189555,55,배송주의
2026-09-08,서울,상품_06,2922721,56,
2026-01-07,인천,상품_19,1173398,62,
2025-11-29,충청,상품_14,1240997,92,
2026-07-11,서울,상품_12,2518390,59,할인적용
2026-08-17,경기,상품_19,1550257,62,
2026-05-27,경상,상품_13,1748363,45,신규고객
2025-10-19,경상,상품_03,4894668,61,
2026-09-14,제주,상품_19,4370713,68,정상
2026-08-23,제주,상품_07,4798143,7,신규고객
2025-09-28,강원,상품_14,2737849,78,대량주문
2026-01-19,인천,상품_02,817962,62,
2026-09-11,서울,상품_10,1446924,21,재구매
2026-08-22,전라,상품_17,2259414,54,정상
2026-03-02,인천,상품_08,4416163,60,정상
2025-12-24,경기,상품_05,1326827,46,
2025-10-29,서울,상품_10,2765486,29,
2026-08-03,제주,상품_11,792898,66,
2025-10-24,인천,상품_10,4301271,45,
2025-09-24,경상,상품_04,3921997,58,정상
2025-11-21,강원,상품_10,1099317,52,
2026-02-26,강원,상품_01,3978155,63,
2026-01-01,경기,상품_12,1599765,59,대량주문
2026-03-21,서울,상품_13,2277783,84,재구매
2026-03-26,경기,상품_12,122328,38,신규고객
2026-08-17,서울,상품_01,1322793,32,정상
2025-10-31,경기,상품_14,4974356,30,재구매
2026-04-08,경기,상품_05,3126713,65,신규고객
2025-10-06,제주,상품_12,1051028,29,
2026-08-06,전라,상품_04,4018332,89,정상
2026-03-05,경상,상품_11,1842936,53,정상
2025-12-07,서울,상품_01,1619703,7,재구매
2026-07-26,충청,상품_03,4544695,70,배송주의
2026-05-04,전라,상품_17,2571794,2,배송주의
2026-03-14,서울,상품_18,1472238,75,할인적용
2026-04-17,인천,상품_07,978646,93,신규고객
2026-06-15,서울,상품_19,4425789,49,대량주문
2025-11-21,강원,상품_12,4758750,56,배송주의
2026-09-04,강원,상품_04,4224669,47,대량주문
2026-04-09,경기,상품_15,340703,48,
2026-03-07,충청,상품_07,4462511,52,정상
2026-05-07,전라,상품_06,1584158,22,신규고객
2026-02-02,서울,상품_12,4888070,79,
2026-07-13,인천,상품_17,4173074,96,대량주문
2026-06-13,경기,상품_16,4355493,56,신규고객
2026-05-17,충청,상품_09,2771539,5,정상
2026-03-02,인천,상품_14,808552,40,대량주문
2025-11-05,경상,상품_17,140539,100,
2025-11-27,전라,상품_05,4943231,33,대량주문
2025-11-30,경기,상품_03,1144908,88,
2025-12-19,경상,상품_18,2671193,46,신규고객
2026-08-08,경상,상품_20,1404663,23,재구매
2025-12-13,강원,상품_12,2886206,76,신규고객
2026-03-06,인천,상품_03,2266220,42,
2026-09-07,강원,상품_18,148745,84,신규고객
2025-10-08,강원,상품_13,4035972,19,신규고객
2026-01-28,충청,상품_02,1160105,17,재구매
2025-11-11,제주,상품_06,3375395,47,정상
2025-09-26,강원,상품_13,3578954,68,
2026-06-21,충청,상품_06,1078279,36,할인적용
2025-12-13,제주,상품_12,872275,21,할인적용
2026-03-28,경상,상품_20,4159506,34,
2025-10-28,제주,상품_02,1150607,93,
2026-07-02,전라,상품_04,883582,49,
2026-02-22,전라,상품_11,4489314,48,
2026-07-12,충청,상품_14,4523534,9,
2026-01-03,인천,상품_12,2547624,6,할인적용
2026-05-04,서울,상품_05,3791142,30,할인적용
2025-09-27,강원,상품_15,1666773,51,
2026-08-02,서울,상품_08,1414530,11,
2026-07-09,전라,상품_06,4326625,5,배송주의
2026-04-03,경기,상품_16,4885932,85,정상
2026-08-27,인천,상품_09,3086042,17,
2026-05-28,강원,상품_01,2068110,76,재구매
2026-05-29,서울,상품_17,2556014,80,재구매
2026-05-17,전라,상품_11,2677581,15,배송주의
2026-08-06,서울,상품_04,3515563,75,
2025-10-20,경상,상품_19,3096226,26,
2026-06-23,전라,상품_19,256802,89,재구매
2025-10-08,경상,상품_01,3743279,70,
2025-10-20,제주,상품_10,3324158,10,할인적용
2026-04-11,경기,상품_02,4386181,84,신규고객
2026-01-16,경상,상품_17,1442285,74,배송주의
2026-03-29,강원,상품_15,2748092,37,
2026-03-16,강원,상품_02,632279,50,
2026-05-09,경상,상품_20,3296073,47,재구매
2025-11-11,경상,상품_03,3270933,86,재구매
2026-05-07,인천,상품_14,771436,9,정상
2026-06-10,충청,상품_07,257244,60,할인적용
2025-11-12,제주,상품_03,4934753,48,재구매
2025-12-03,경상,상품_03,223996,36,대량주문
2026-03-06,전라,상품_04,3870690,5,
2026-05-10,경기,상품_15,4812096,88,배송주의
2026-08-29,경상,상품_13,495902,23,정상
2026-04-23,강원,상품_04,3962593,4,
2026-05-13,충청,상품_01,3668412,61,
2026-07-02,경상,상품_06,2902817,49,배송주의
2025-10-15,경상,상품_17,2210918,38,정상
2025-11-01,제주,상품_13,2678955,24,
2026-08-03,제주,상품_14,4231353,28,
2025-10-06,경상,상품_06,581140,31,
2026-08-16,충청,상품_08,1135168,54,
2025-11-05,인천,상품_08,2809898,2,
2026-04-19,경상,상품_04,4311735,54,대량주문
2026-01-12,경기,상품_13,4102169,27,
2026-02-28,충청,상품_09,3201890,14,
2026-07-11,충청,상품_06,4765343,34,신규고객
2026-07-08,강원,상품_19,2753009,33,
2025-10-10,전라,상품_10,747977,74,
2026-09-14,전라,상품_19,1316708,70,정상
2025-11-30,서울,상품_12,4496022,81,
2026-04-29,충청,상품_16,2485310,58,정상
2026-06-15,경기,상품_09,4996423,74,재구매
2025-11-23,강원,상품_05,2178582,16,정상
2026-07-18,전라,상품_01,3866382,7,할인적용
2026-05-06,강원,상품_05,3382675,87,
2026-04-26,강원,상품_12,1849384,54,
2026-07-31,전라,상품_01,1198088,18,
2025-11-17,충청,상품_20,4463951,75,
2025-11-19,제주,상품_09,160782,64,신규고객
2026-07-05,인천,상품_16,2646805,77,재구매
2026-02-02,서울,상품_18,1513130,64,
2026-01-08,제주,상품_02,2635866,71,배송주의
2026-06-23,충청,상품_06,2264766,78,정상
2026-01-19,충청,상품_06,3681480,13,정상
2026-09-13,제주,상품_01,3058391,77,
2026-03-02,강원,상품_12,4250144,53,
2026-05-19,서울,상품_07,980904,16,할인적용
2026-08-14,강원,상품_19,2561153,75,재구매
2026-06-13,강원,상품_03,4495714,4,
2026-07-13,충청,상품_05,882323,81,
2025-12-18,인천,상품_02,2469785,14,
2026-06-06,전라,상품_05,1358106,83,
2026-03-17,인천,상품_09,1738443,17,정상
2025-11-29,강원,상품_06,2878650,19,신규고객
2025-10-07,전라,상품_07,85937,44,신규고객
2026-07-08,서울,상품_19,1480729,61,할인적용
2026-07-03,강원,상품_09,3008935,29,
2026-02-25,강원,상품_18,2991683,53,배송주의
2025-11-10,제주,상품_01,1211803,41,정상
2025-10-01,전라,상품_12,2304881,9,
2026-07-06,경상,상품_08,4575401,3,
2026-05-06,인천,상품_12,1052764,30,
2025-10-03,충청,상품_17,4069159,60,할인적용
2025-09-18,강원,상품_13,782935,24,대량주문
2026-05-10,경상,상품_07,3558879,10,신규고객
2026-06-26,경상,상품_15,1696464,52,배송주의
2026-01-27,경기,상품_02,2991837,84,신규고객
2026-07-26,제주,상품_09,753999,47,
2026-07-02,제주,상품_09,4534566,16,신규고객
2025-09-20,경기,상품_06,3338611,26,재구매
2025-10-14,제주,상품_14,3811930,8,할인적용
2025-10-05,경기,상품_09,1256502,27,
2026-01-19,전라,상품_14,4362892,8,재구매
2026-08-07,전라,상품_06,2680651,57,
2025-11-25,인천,상품_12,1120881,37,재구매
2026-01-27,전라,상품_08,3813190,86,할인적용
2025-12-22,제주,상품_06,3846458,95,
2026-03-14,인천,상품_12,628329,97,
2026-02-12,제주,상품_06,4289636,34,할인적용
2026-03-17,충청,상품_07,3197469,55,정상
2026-07-18,경상,상품_17,202131,58,대량주문
2026-07-09,제주,상품_06,4919989,71,
2026-03-08,인천,상품_05,959749,31,
2026-08-12,경기,상품_19,3783533,48,배송주의
2025-11-25,인천,상품_03,2481184,86,
2025-09-28,인천,상품_13,924028,95,
2026-06-24,경기,상품_20,892662,96,신규고객
2026-03-31,충청,상품_09,2783377,54,배송주의
2026-08-03,경상,상품_15,1570453,63,
2026-01-28,강원,상품_17,2003057,66,정상
2026-02-16,제주,상품_15,3590487,86,
2026-05-05,충청,상품_06,4742218,57,신규고객
2026-01-12,서울,상품_05,4111115,53,신규고객
2026-07-16,서울,상품_18,4867302,70,
2025-11-17,강원,상품_16,280928,14,할인적용
2026-03-26,인천,상품_15,2179607,31,할인적용
2026-08-07,서울,상품_20,4603463,59,
2026-03-29,전라,상품_07,2661210,27,
2026-07-16,서울,상품_20,2102066,8,신규고객
2026-04-19,전라,상품_13,1128065,42,
2025-09-17,서울,상품_09,4113042,98,할인적용
2026-08-15,경상,상품_16,3592320,25,대량주문
2025-11-14,충청,상품_08,4423596,65,
2025-10-02,인천,상품_17,4985089,99,
2026-03-12,경상,상품_03,473331,6,정상
2025-12-22,제주,상품_03,3393295,35,
2026-08-11,서울,상품_03,3555275,14,배송주의
2026-05-24,경기,상품_04,3508496,46,할인적용
2026-05-26,경상,상품_18,3052164,20,대량주문
2026-08-07,강원,상품_20,2939006,34,배송주의
2026-05-03,서울,상품_15,3899414,80,
2026-05-03,강원,상품_16,4025489,70,대량주문
2026-08-08,전라,상품_18,2670575,21,대량주문
2026-06-29,서울,상품_06,3314140,2,대량주문
2026-03-11,충청,상품_04,4133597,97,신규고객
2026-06-01,제주,상품_09,3118011,92,
2025-11-20,경상,상품_07,4395820,55,배송주의
2026-07-08,인천,상품_06,1895469,82,할인적용
2025-12-11,서울,상품_07,4443564,98,대량주문
2025-11-29,서울,상품_05,3403901,47,신규고객
2025-09-30,경기,상품_10,1620857,22,
2025-11-18,강원,상품_12,3331618,84,정상
2026-08-22,경기,상품_14,3447675,28,
2026-04-18,충청,상품_18,557376,62,
2026-03-02,경기,상품_12,2718994,14,정상
2025-12-20,전라,상품_05,1214911,34,신규고객
2025-10-19,경기,상품_19,4617024,40,재구매
2026-05-28,서울,상품_09,1353999,5,
2026-04-12,경기,상품_19,468794,83,배송주의
2025-10-10,충청,상품_01,890745,47,배송주의
2025-11-18,충청,상품_06,4566866,77,
2026-07-04,경기,상품_07,681110,86,
2026-08-22,인천,상품_02,1346293,79,배송주의
2026-07-11,서울,상품_17,4951588,3,정상
2026-04-10,전라,상품_16,2303423,28,배송주의
2025-10-22,제주,상품_07,4500180,90,정상
2025-10-15,전라,상품_15,4729413,66,
2026-05-12,전라,상품_07,4035757,19,정상
2026-03-24,전라,상품_20,1856135,35,
2026-03-02,경기,상품_19,272561,11,
2026-04-18,충청,상품_15,4568994,51,대량주문
2026-03-18,경기,상품_12,4082540,82,
2025-12-05,전라,상품_02,3490437,1,할인적용
2025-11-16,서울,상품_02,125493,66,대량주문
2026-04-21,제주,상품_02,3361675,27,정상
2025-12-01,서울,상품_16,4358779,47,
2026-05-27,충청,상품_13,2958042,60,재구매
2026-03-28,제주,상품_09,1277254,60,배송주의
2026-03-18,인천,상품_03,4069836,92,정상
2026-08-23,강원,상품_16,4910796,11,
2026-09-07,제주,상품_06,1201859,84,
2026-05-18,제주,상품_04,255342,91,대량주문
2026-02-24,경상,상품_03,606103,62,정상
2026-08-13,충청,상품_02,1565286,54,
2026-07-24,충청,상품_01,116956,51,
2026-01-31,경상,상품_20,2676490,5,
2026-03-02,경기,상품_07,819909,81,
2026-08-06,전라,상품_05,3620237,54,대량주문
2025-11-20,서울,상품_04,4108500,19,
2026-02-13,인천,상품_01,138819,89,
2025-10-26,충청,상품_14,3996645,54,
2025-12-19,강원,상품_20,1929311,99,배송주의
2025-10-24,인천,상품_14,197021,45,정상
2026-02-11,충청,상품_06,1977123,29,정상
2026-05-30,경상,상품_15,4694916,68,배송주의
2026-01-19,충청,상품_18,1232283,54,배송주의
2026-08-30,제주,상품_18,4302024,75,신규고객
2026-05-10,경기,상품_06,4374164,98,
2026-03-14,경기,상품_02,4529559,100,배송주의
2025-10-10,서울,상품_08,1225176,6,
2025-10-08,경상,상품_12,3162789,8,재구매
2026-02-14,경기,상품_19,4464850,8,할인적용
2026-03-05,경기,상품_13,3484701,52,할인적용
2025-11-17,제주,상품_16,464172,82,
2026-03-02,경상,상품_03,2701171,74,재구매
2026-03-29,제주,상품_18,988285,31,할인적용
2026-05-06,강원,상품_03,2930395,90,신규고객
2026-09-05,서울,상품_14,4347185,85,대량주문
2026-02-25,충청,상품_02,2911544,99,
2026-02-13,경상,상품_04,184131,74,
2026-05-21,강원,상품_20,387675,12,
2026-04-26,경기,상품_09,302703,97,할인적용
2026-04-29,충청,상품_04,4730972,39,신규고객
2026-07-19,충청,상품_15,70035,58,
2026-01-15,경상,상품_05,1341545,20,
2026-05-19,전라,상품_04,3446639,59,할인적용
2026-07-22,전라,상품_08,3728099,72,재구매
2026-09-14,서울,상품_01,301033,61,
2025-11-22,서울,상품_04,4349263,70,대량주문
2026-01-30,인천,상품_17,4250112,23,재구매
2025-10-07,충청,상품_17,4345676,12,
2026-08-23,충청,상품_14,3317499,2,정상
2025-11-13,제주,상품_18,4292524,94,할인적용
2026-05-18,인천,상품_03,655541,40,
2026-06-07,서울,상품_09,529814,44,할인적용
2026-06-27,충청,상품_19,3595862,4,
2026-02-07,강원,상품_01,2114959,65,할인적용
2026-08-27,제주,상품_10,2431375,89,정상
2026-02-19,전라,상품_16,4118985,68,할인적용
2026-04-17,인천,상품_04,2628597,37,신규고객
2026-01-28,제주,상품_04,2996549,69,
2026-03-20,충청,상품_07,1651828,12,
2026-04-09,충청,상품_19,1985845,100,
2026-07-17,전라,상품_13,4453622,60,
2026-05-17,충청,상품_15,2332385,3,정상
2026-05-15,제주,상품_17,3164785,65,정상
2026-01-01,전라,상품_16,3602684,81,
2025-12-05,인천,상품_12,2808045,42,신규고객
2025-10-08,강원,상품_05,328924,79,
2025-10-28,제주,상품_09,3021440,43,신규고객
2026-05-03,전라,상품_09,2965753,96,
2025-10-09,경기,상품_02,4110207,70,신규고객
2025-10-15,인천,상품_05,3631849,77,
2025-11-22,제주,상품_18,2743733,26,
2026-06-22,전라,상품_16,4117191,59,
2026-07-26,제주,상품_08,1079618,77,
2025-10-12,인천,상품_09,760099,25,할인적용
2025-10-06,인천,상품_09,796915,2,대량주문
2026-02-20,전라,상품_13,717104,61,
2025-09-24,강원,상품_06,762348,74,정상
2026-07-31,제주,상품_09,4718612,93,신규고객
2026-08-12,경상,상품_20,3016518,13,신규고객
2026-07-09,전라,상품_10,4037214,69,신규고객
2026-07-01,인천,상품_08,1000239,80,정상
2026-06-12,인천,상품_09,4533643,86,
2026-04-09,충청,상품_08,3083696,56,정상
2026-06-29,서울,상품_13,2793400,26,할인적용
2026-06-05,전라,상품_06,901175,1,
2026-09-14,전라,상품_07,1724530,47,정상
2025-11-13,전라,상품_08,2323285,61,신규고객
2026-07-29,서울,상품_01,4142266,43,신규고객
2026-03-25,제주,상품_13,801227,60,대량주문
2026-09-08,경기,상품_06,1703693,55,배송주의
2026-07-31,제주,상품_07,1922549,74,
2026-04-30,인천,상품_01,4668803,7,정상
2026-06-23,인천,상품_18,2839628,14,대량주문
2026-04-05,경상,상품_17,2172296,1,할인적용
2025-09-25,강원,상품_06,4332104,24,대량주문
2025-10-27,강원,상품_16,4137876,93,배송주의
2025-12-02,전라,상품_09,877174,78,대량주문
2026-06-07,서울,상품_18,2834301,46,대량주문
2026-06-15,충청,상품_17,2610966,55,할인적용
2026-02-26,서울,상품_02,4006575,49,
2025-10-30,서울,상품_10,549984,29,
2026-08-24,강원,상품_18,2719157,56,할인적용
2026-05-11,경기,상품_07,1316436,79,재구매
2026-08-17,전라,상품_04,1503991,16,신규고객
2026-05-06,전라,상품_01,823230,82,배송주의
2025-11-29,충청,상품_13,3517608,70,정상
2025-09-24,서울,상품_15,3202939,71,
2025-12-01,충청,상품_02,4239372,29,신규고객
2026-06-21,강원,상품_14,4359611,12,
2026-01-26,충청,상품_02,2314875,32,대량주문
2026-08-04,전라,상품_07,3616341,80,
2026-04-12,경기,상품_19,2386626,69,할인적용
2026-06-24,인천,상품_16,1476269,71,
2025-10-11,전라,상품_16,4442947,83,정상
2026-01-13,인천,상품_12,1953052,33,
2026-05-15,서울,상품_15,4681524,10,신규고객
2026-04-06,전라,상품_08,661186,85,정상
2025-12-03,경기,상품_18,954348,7,대량주문
2026-04-17,경기,상품_18,260381,28,대량주문
2026-06-03,강원,상품_07,2835726,10,신규고객
2026-02-05,서울,상품_04,4176787,85,재구매
2026-08-25,충청,상품_20,4443189,30,
2025-11-03,서울,상품_01,1718051,86,
2025-11-06,제주,상품_12,3537225,86,신규고객
2026-08-25,충청,상품_18,3551577,12,
2025-12-24,경기,상품_09,1978052,42,대량주문
2026-04-01,강원,상품_18,4861117,85,대량주문
2025-10-30,강원,상품_05,695387,5,
2025-10-09,제주,상품_17,1750793,96,배송주의
2026-02-02,서울,상품_14,3143945,25,재구매
2025-10-17,제주,상품_04,3853464,92,대량주문
2026-03-17,전라,상품_20,583464,68,대량주문
2026-06-29,강원,상품_07,4371997,67,재구매
2025-09-20,전라,상품_06,3744665,31,신규고객
2026-04-03,전라,상품_13,3850506,4,배송주의
2026-02-05,전라,상품_06,4367205,84,신규고객
2026-07-06,인천,상품_12,1168114,77,할인적용
2026-06-24,전라,상품_14,1660363,87,할인적용
2026-06-18,충청,상품_04,4189251,25,
2026-08-13,경기,상품_09,3324326,71,
2026-06-14,제주,상품_03,1937290,27,
2026-04-27,경상,상품_19,1557851,55,
2026-03-18,제주,상품_01,594424,40,정상
2026-06-04,강원,상품_19,2523969,14,
2026-07-12,충청,상품_15,820913,86,재구매
2026-01-17,전라,상품_17,3145161,25,정상
2026-03-04,제주,상품_03,4897077,44,
2026-02-19,충청,상품_17,4916367,40,재구매
2026-09-05,강원,상품_06,2701140,6,할인적용
2026-05-13,경상,상품_01,743922,91,할인적용
2026-05-17,경상,상품_04,4817791,79,정상
2026-06-15,제주,상품_15,2410121,87,할인적용
2026-08-30,서울,상품_01,3320486,26,
2026-03-05,경상,상품_03,4024323,10,
2025-09-26,전라,상품_04,1379422,40,
2025-12-18,인천,상품_07,3793989,41,할인적용
2026-09-05,인천,상품_19,4126078,92,
2025-11-06,인천,상품_07,3129342,41,할인적용
2026-05-19,강원,상품_18,3258441,72,신규고객
2026-08-23,서울,상품_11,2168101,71,
2026-05-03,제주,상품_13,3889632,67,정상
2026-03-21,인천,상품_18,214847,51,
2026-07-05,서울,상품_04,3694668,80,배송주의
2026-02-09,충청,상품_20,558051,11,
2026-09-06,인천,상품_18,4814545,62,
2026-07-18,서울,상품_11,2919875,61,
2026-05-20,서울,상품_10,2036231,32,배송주의
2026-06-25,서울,상품_06,4233386,23,
2025-10-19,서울,상품_03,1084211,33,할인적용
2026-05-01,경기,상품_15,845288,30,
2026-05-03,서울,상품_06,2114223,7,
2025-12-09,강원,상품_18,55810,22,신규고객
2026-01-13,강원,상품_16,2613382,11,신규고객
2026-09-12,인천,상품_05,2413948,85,
2026-03-10,서울,상품_20,2649019,92,대량주문
2026-05-11,서울,상품_06,2958507,5,
2026-03-15,경기,상품_10,643547,35,
2026-01-13,전라,상품_13,3818813,65,배송주의
2025-11-10,전라,상품_08,719515,73,배송주의
2025-12-23,서울,상품_04,1205694,50,대량주문
2026-06-21,제주,상품_14,1045316,90,
2026-03-18,서울,상품_02,2754969,8,대량주문
2026-02-04,경상,상품_11,3907651,59,
2026-01-06,제주,상품_15,2733456,55,
2026-03-09,전라,상품_14,4995146,24,할인적용
2025-12-11,인천,상품_17,3743506,83,정상
2026-08-07,제주,상품_11,388487,82,
