id,name,type1,type2,generation,hp,attack,defense,speed,legendary
1,포켓몬00001,불꽃,노말,4,77,40,193,31,0
2,포켓몬00002,에스퍼,독,1,27,28,60,64,0
3,포켓몬00003,풀,,9,127,61,119,155,0
4,포켓몬00004,풀,,3,198,113,92,76,0
5,포켓몬00005,비행,독,2,111,93,159,72,0
6,포켓몬00006,땅,,7,40,146,80,165,0
7,포켓몬00007,비행,,2,31,174,63,79,0
8,포켓몬00008,전기,,7,91,121,167,98,0
9,포켓몬00009,비행,노말,2,175,167,48,141,0
10,포켓몬00010,물,,5,183,181,147,61,0
11,포켓몬00011,풀,,6,122,73,21,59,0
12,포켓몬00012,벌레,,6,74,172,132,106,0
13,포켓몬00013,땅,물,4,210,148,142,72,0
14,포켓몬00014,독,,7,112,61,40,135,0
15,포켓몬00015,풀,,3,180,45,207,179,0
16,포켓몬00016,불꽃,,8,155,69,146,7,0
17,포켓몬00017,불꽃,,9,212,73,201,169,0
18,포켓몬00018,노말,,8,20,189,229,72,0
19,포켓몬00019,물,,2,242,165,81,168,0
20,포켓몬00020,전기,물,9,219,140,5,158,0
21,포켓몬00021,풀,비행,5,81,19,66,150,0
22,포켓몬00022,불꽃,,2,214,141,201,37,0
23,포켓몬00023,땅,,3,87,140,228,160,0
24,포켓몬00024,전기,,4,202,84,107,176,0
25,포켓몬00025,땅,,8,50,68,62,21,0
26,포켓몬00026,벌레,,4,21,23,186,166,0
27,포켓몬00027,불꽃,,6,38,136,65,76,0
28,포켓몬00028,전기,,8,82,126,211,109,0
29,포켓몬00029,불꽃,,6,128,110,124,18,0
30,포켓몬00030,불꽃,비행,2,83,54,53,142,0
31,포켓몬00031,독,땅,4,243,24,118,145,0
32,포켓몬00032,에스퍼,,2,212,65,47,109,0
33,포켓몬00033,전기,,1,62,102,5,104,0
34,포켓몬00034,땅,에스퍼,8,59,53,80,60,0
35,포켓몬00035,벌레,,1,211,85,19,17,0
36,포켓몬00036,에스퍼,,9,60,19,135,25,0
37,포켓몬00037,불꽃,,4,123,35,150,68,0
38,포켓몬00038,풀,,7,188,154,149,138,0
39,포켓몬00039,노말,비행,4,87,106,38,176,0
40,포켓몬00040,땅,,2,22,122,164,149,0
41,포켓몬00041,불꽃,,9,87,38,94,22,0
42,포켓몬00042,비행,땅,9,200,82,161,172,0
43,포켓몬00043,에스퍼,불꽃,3,87,34,32,146,0
44,포켓몬00044,노말,,6,72,180,167,72,0
45,포켓몬00045,노말,,1,43,167,113,75,0
46,포켓몬00046,비행,,5,61,118,146,114,0
47,포켓몬00047,불꽃,물,9,29,99,154,146,0
48,포켓몬00048,물,비행,1,250,96,58,179,0
49,포켓몬00049,불꽃,,9,246,109,163,44,0
50,포켓몬00050,전기,,3,245,110,11,50,0
51,포켓몬00051,비행,,7,225,176,226,68,0
52,포켓몬00052,불꽃,,1,239,125,61,56,0
53,포켓몬00053,땅,,4,77,11,173,54,0
54,포켓몬00054,노말,,5,109,169,135,107,0
55,포켓몬00055,에스퍼,,1,49,71,50,153,0
56,포켓몬00056,노말,벌레,7,108,85,116,160,0
57,포켓몬00057,불꽃,,4,85,16,186,116,1
58,포켓몬00058,에스퍼,,4,113,115,22,175,0
59,포켓몬00059,벌레,,2,204,81,134,84,0
60,포켓몬00060,비행,,5,161,37,54,112,0
61,포켓몬00061,독,,3,177,150,82,108,0
62,포켓몬00062,풀,,4,130,153,160,172,0
63,포켓몬00063,땅,,4,150,126,208,48,0
64,포켓몬00064,노말,,6,43,65,177,84,0
65,포켓몬00065,전기,풀,4,141,161,222,23,0
66,포켓몬00066,벌레,독,8,122,67,42,172,0
67,포켓몬00067,불꽃,,4,65,183,137,123,0
68,포켓몬00068,전기,,2,136,39,210,123,0
69,포켓몬00069,에스퍼,,8,176,189,134,114,0
70,포켓몬00070,에스퍼,,3,210,126,120,71,0
71,포켓몬00071,노말,,9,144,165,66,75,0
72,포켓몬00072,노말,비행,6,248,143,25,40,0
73,포켓몬00073,독,,4,36,111,109,89,0
74,포켓몬00074,독,,7,251,154,183,10,0
75,포켓몬00075,벌레,,1,110,81,197,104,0
76,포켓몬00076,독,,9,224,159,61,129,0
77,포켓몬00077,독,,7,106,176,178,108,0
78,포켓몬00078,땅,,9,26,105,156,149,0
79,포켓몬00079,불꽃,,3,241,123,51,17,0
80,포켓몬00080,비행,,6,214,102,76,112,0
81,포켓몬00081,불꽃,,9,33,94,62,171,0
82,포켓몬00082,풀,,4,71,10,164,44,0
83,포켓몬00083,땅,,4,139,184,70,99,0
84,포켓몬00084,벌레,,2,219,46,84,32,0
85,포켓몬00085,노말,,7,121,188,55,24,0
86,포켓몬00086,전기,노말,2,223,149,205,15,0
87,포켓몬00087,독,,2,149,170,92,8,0
88,포켓몬00088,땅,비행,8,201,44,116,50,0
89,포켓몬00089,노말,,9,218,128,124,116,0
90,포켓몬00090,벌레,전기,2,91,120,67,123,0
91,포켓몬00091,독,,8,237,88,51,129,0
92,포켓몬00092,노말,,5,162,7,137,53,0
93,포켓몬00093,독,,4,196,126,170,130,0
94,포켓몬00094,풀,전기,7,197,67,83,174,0
95,포켓몬00095,땅,,6,128,145,89,95,0
96,포켓몬00096,노말,,4,50,189,54,85,0
97,포켓몬00097,에스퍼,,3,69,60,194,128,0
98,포켓몬00098,벌레,,9,172,77,30,54,0
99,포켓몬00099,비행,풀,9,52,75,16,18,0
100,포켓몬00100,물,,8,46,8,151,77,0
101,포켓몬00101,땅,,1,84,127,34,21,0
102,포켓몬00102,불꽃,,1,58,43,212,149,0
103,포켓몬00103,불꽃,,2,162,111,160,157,0
104,포켓몬00104,전기,,7,135,118,81,155,0
105,포켓몬00105,노말,,1,176,30,200,58,0
106,포켓몬00106,노말,,3,81,49,146,24,0
107,포켓몬00107,독,,8,94,13,64,78,0
108,포켓몬00108,땅,전기,5,221,165,155,174,0
109,포켓몬00109,전기,,9,77,170,43,73,0
110,포켓몬00110,불꽃,노말,5,132,36,124,82,0
111,포켓몬00111,노말,,8,132,25,158,15,0
112,포켓몬00112,비행,,1,43,63,177,152,0
113,포켓몬00113,풀,,5,167,15,200,49,0
114,포켓몬00114,땅,,3,169,116,167,130,0
115,포켓몬00115,땅,,6,102,176,31,46,0
116,포켓몬00116,땅,독,9,29,121,27,85,0
117,포켓몬00117,불꽃,,7,241,136,216,5,0
118,포켓몬00118,에스퍼,,1,68,137,97,164,0
119,포켓몬00119,땅,,4,88,145,38,78,0
120,포켓몬00120,땅,벌레,4,201,45,84,146,1
121,포켓몬00121,독,불꽃,8,50,170,218,44,0
122,포켓몬00122,노말,,5,126,128,125,67,0
123,포켓몬00123,물,,9,211,39,226,22,0
124,포켓몬00124,독,,9,88,5,77,81,0
125,포켓몬00125,벌레,,8,241,43,119,142,0
126,포켓몬00126,비행,,9,116,121,87,53,0
127,포켓몬00127,전기,,4,239,110,16,86,0
128,포켓몬00128,독,,3,146,14,37,133,0
129,포켓몬00129,비행,,8,45,139,121,8,0
130,포켓몬00130,독,,3,39,125,205,72,0
131,포켓몬00131,독,,6,238,177,224,141,0
132,포켓몬00132,비행,,8,243,143,14,163,0
133,포켓몬00133,노말,,2,131,30,199,167,0
134,포켓몬00134,불꽃,,5,251,12,16,88,0
135,포켓몬00135,노말,,7,57,67,140,110,0
136,포켓몬00136,물,불꽃,7,178,179,66,132,0
137,포켓몬00137,물,노말,8,85,175,7,124,0
138,포켓몬00138,에스퍼,땅,6,170,81,168,113,0
139,포켓몬00139,땅,,4,118,128,32,65,0
140,포켓몬00140,비행,,5,25,173,106,75,1
141,포켓몬00141,풀,,8,233,78,203,63,0
142,포켓몬00142,비행,전기,5,193,189,201,173,0
143,포켓몬00143,물,,1,99,117,13,153,0
144,포켓몬00144,물,노말,6,211,111,49,56,0
145,포켓몬00145,에스퍼,,6,155,133,74,47,0
146,포켓몬00146,땅,,5,211,91,210,34,0
147,포켓몬00147,불꽃,전기,7,236,147,98,28,0
148,포켓몬00148,풀,불꽃,8,114,177,196,177,0
149,포켓몬00149,독,,6,47,177,64,125,0
150,포켓몬00150,에스퍼,,4,185,21,167,123,0
151,포켓몬00151,노말,,2,55,16,14,82,0
152,포켓몬00152,불꽃,에스퍼,3,119,121,99,176,0
153,포켓몬00153,에스퍼,,3,246,111,172,30,0
154,포켓몬00154,벌레,,5,28,181,99,60,0
155,포켓몬00155,전기,,2,195,99,144,170,0
156,포켓몬00156,독,불꽃,8,43,174,59,169,0
157,포켓몬00157,풀,비행,4,52,149,57,22,0
158,포켓몬00158,에스퍼,전기,4,104,42,206,157,1
159,포켓몬00159,물,,9,84,49,33,174,0
160,포켓몬00160,물,전기,6,24,49,72,18,0
161,포켓몬00161,독,,2,141,119,204,97,0
162,포켓몬00162,불꽃,,4,177,16,191,173,0
163,포켓몬00163,땅,,1,35,127,221,107,0
164,포켓몬00164,불꽃,,8,38,25,87,160,0
165,포켓몬00165,물,벌레,9,202,88,102,157,0
166,포켓몬00166,땅,,7,45,184,34,172,0
167,포켓몬00167,에스퍼,,4,130,120,63,110,0
168,포켓몬00168,땅,,2,100,114,85,175,0
169,포켓몬00169,물,,8,37,28,217,26,0
170,포켓몬00170,불꽃,,6,227,38,147,20,0
171,포켓몬00171,에스퍼,,2,125,95,228,175,0
172,포켓몬00172,독,,1,93,158,84,95,0
173,포켓몬00173,에스퍼,땅,4,236,32,94,147,0
174,포켓몬00174,노말,,7,236,148,201,164,0
175,포켓몬00175,에스퍼,노말,1,66,74,184,84,0
176,포켓몬00176,비행,물,7,37,41,194,167,0
177,포켓몬00177,불꽃,,4,116,112,121,92,0
178,포켓몬00178,노말,,2,246,18,44,45,0
179,포켓몬00179,풀,,5,133,174,113,129,0
180,포켓몬00180,독,에스퍼,2,108,115,33,77,0
181,포켓몬00181,벌레,,5,31,61,106,158,0
182,포켓몬00182,전기,,4,216,40,200,70,0
183,포켓몬00183,불꽃,독,3,53,102,141,63,0
184,포켓몬00184,비행,풀,7,24,122,24,85,0
185,포켓몬00185,벌레,,7,94,34,108,10,0
186,포켓몬00186,물,,8,232,181,97,27,0
187,포켓몬00187,불꽃,벌레,7,154,25,106,84,0
188,포켓몬00188,전기,,3,39,135,167,34,0
189,포켓몬00189,전기,,6,109,170,213,42,0
190,포켓몬00190,물,,3,214,172,24,50,0
191,포켓몬00191,땅,,8,194,149,169,167,0
192,포켓몬00192,비행,,6,58,117,22,125,0
193,포켓몬00193,노말,,1,110,134,23,84,0
194,포켓몬00194,풀,노말,2,185,28,162,157,0
195,포켓몬00195,땅,,1,135,151,171,53,0
196,포켓몬00196,땅,,1,135,31,212,92,0
197,포켓몬00197,불꽃,,3,30,68,186,117,0
198,포켓몬00198,에스퍼,,3,113,100,77,104,0
199,포켓몬00199,비행,,1,222,166,170,90,0
200,포켓몬00200,불꽃,,7,92,69,190,173,0
201,포켓몬00201,벌레,,6,40,154,174,41,0
202,포켓몬00202,노말,,7,53,157,186,26,0
203,포켓몬00203,독,,6,228,37,176,180,0
204,포켓몬00204,불꽃,,7,150,97,9,97,0
205,포켓몬00205,전기,,8,69,62,40,44,0
206,포켓몬00206,불꽃,,9,233,139,14,174,0
207,포켓몬00207,벌레,독,3,61,51,217,164,0
208,포켓몬00208,물,,1,125,98,178,65,0
209,포켓몬00209,벌레,땅,4,156,66,84,125,0
210,포켓몬00210,전기,,8,138,77,204,102,0
211,포켓몬00211,독,,4,225,159,40,69,0
212,포켓몬00212,땅,,9,46,187,221,137,0
213,포켓몬00213,노말,물,5,135,136,42,116,0
214,포켓몬00214,전기,,6,26,111,18,106,0
215,포켓몬00215,전기,,2,115,62,12,86,0
216,포켓몬00216,비행,,3,29,78,217,125,0
217,포켓몬00217,물,,8,134,162,6,25,1
218,포켓몬00218,전기,,9,206,160,140,113,0
219,포켓몬00219,노말,불꽃,1,81,112,168,164,0
220,포켓몬00220,불꽃,,8,172,142,9,166,0
221,포켓몬00221,전기,,5,129,5,162,95,0
222,포켓몬00222,독,불꽃,9,112,22,139,144,0
223,포켓몬00223,에스퍼,,7,243,125,16,167,0
224,포켓몬00224,비행,풀,6,221,22,93,66,0
225,포켓몬00225,불꽃,,6,54,16,95,144,0
226,포켓몬00226,물,,8,198,127,166,51,0
227,포켓몬00227,불꽃,,8,29,80,56,16,0
228,포켓몬00228,풀,,5,151,106,213,144,0
229,포켓몬00229,풀,,4,93,96,225,17,0
230,포켓몬00230,비행,,7,247,107,195,117,0
231,포켓몬00231,독,,3,147,182,132,99,0
232,포켓몬00232,에스퍼,불꽃,7,40,115,159,51,0
233,포켓몬00233,비행,,5,98,119,159,114,0
234,포켓몬00234,땅,,1,206,95,162,116,0
235,포켓몬00235,풀,독,6,151,178,45,12,0
236,포켓몬00236,벌레,,8,28,37,22,65,0
237,포켓몬00237,비행,,1,174,44,178,120,0
238,포켓몬00238,비행,,2,166,40,140,98,0
239,포켓몬00239,노말,불꽃,1,208,52,132,137,0
240,포켓몬00240,에스퍼,노말,8,74,161,78,130,0
241,포켓몬00241,물,,8,64,187,118,27,0
242,포켓몬00242,비행,,2,160,143,79,81,0
243,포켓몬00243,물,,9,77,36,56,40,0
244,포켓몬00244,땅,에스퍼,6,139,146,38,161,0
245,포켓몬00245,불꽃,,8,154,110,201,109,0
246,포켓몬00246,불꽃,비행,2,135,124,179,137,0
247,포켓몬00247,에스퍼,,3,216,38,115,133,0
248,포켓몬00248,풀,,9,59,82,47,46,0
249,포켓몬00249,전기,,9,249,77,221,25,0
250,포켓몬00250,에스퍼,노말,9,43,133,169,48,0
251,포켓몬00251,벌레,,6,235,149,15,12,0
252,포켓몬00252,벌레,전기,7,178,168,12,132,0
253,포켓몬00253,에스퍼,노말,8,82,180,108,81,0
254,포켓몬00254,풀,독,8,138,57,92,160,0
255,포켓몬00255,비행,,6,122,38,199,99,0
256,포켓몬00256,불꽃,,8,51,73,120,68,0
257,포켓몬00257,풀,독,7,83,45,213,88,0
258,포켓몬00258,비행,물,8,151,124,132,83,0
259,포켓몬00259,불꽃,,9,137,66,60,154,0
260,포켓몬00260,풀,벌레,8,93,142,7,32,0
261,포켓몬00261,노말,,7,113,16,107,18,0
262,포켓몬00262,전기,,5,38,103,134,120,0
263,포켓몬00263,노말,,2,52,29,105,100,0
264,포켓몬00264,비행,,6,213,41,55,159,0
265,포켓몬00265,에스퍼,풀,3,202,90,210,126,0
266,포켓몬00266,물,,9,55,88,161,86,0
267,포켓몬00267,벌레,,5,171,91,134,135,0
268,포켓몬00268,벌레,풀,6,104,177,33,111,0
269,포켓몬00269,풀,,5,187,153,152,63,0
270,포켓몬00270,벌레,,9,181,189,163,102,0
271,포켓몬00271,전기,불꽃,4,24,117,85,112,0
272,포켓몬00272,전기,,8,243,20,185,40,0
273,포켓몬00273,에스퍼,,8,154,101,85,49,0
274,포켓몬00274,에스퍼,,6,193,189,179,169,0
275,포켓몬00275,노말,,4,83,76,147,81,0
276,포켓몬00276,노말,,4,196,185,130,86,0
277,포켓몬00277,에스퍼,,5,93,36,151,178,0
278,포켓몬00278,독,,3,94,15,78,25,0
279,포켓몬00279,땅,,8,74,56,216,142,0
280,포켓몬00280,에스퍼,,3,47,162,194,155,0
281,포켓몬00281,풀,,9,77,168,64,18,0
282,포켓몬00282,비행,,2,194,40,6,145,0
283,포켓몬00283,물,,8,142,171,56,78,0
284,포켓몬00284,풀,,2,186,151,64,141,0
285,포켓몬00285,풀,,3,126,50,14,106,0
286,포켓몬00286,물,,5,244,14,7,81,0
287,포켓몬00287,불꽃,,6,92,121,169,144,0
288,포켓몬00288,물,,8,89,54,212,33,0
289,포켓몬00289,땅,,3,23,91,207,80,0
290,포켓몬00290,전기,독,7,151,88,27,107,0
291,포켓몬00291,물,,8,102,68,6,71,0
292,포켓몬00292,땅,,6,97,154,190,151,1
293,포켓몬00293,비행,,1,190,35,124,83,0
294,포켓몬00294,에스퍼,,5,196,35,168,80,0
295,포켓몬00295,전기,물,8,59,121,196,160,0
296,포켓몬00296,에스퍼,,9,225,175,216,60,0
297,포켓몬00297,벌레,,2,154,119,140,97,0
298,포켓몬00298,벌레,에스퍼,9,71,151,142,43,0
299,포켓몬00299,에스퍼,,4,203,154,130,28,0
300,포켓몬00300,땅,,8,53,136,111,121,0
301,포켓몬00301,에스퍼,,5,205,10,106,70,0
302,포켓몬00302,전기,,1,128,93,184,21,0
303,포켓몬00303,풀,,2,140,13,78,109,0
304,포켓몬00304,물,,7,115,102,119,101,0
305,포켓몬00305,에스퍼,비행,2,65,142,105,140,0
306,포켓몬00306,전기,,1,96,123,177,144,0
307,포켓몬00307,독,,4,137,93,44,75,0
308,포켓몬00308,불꽃,독,1,81,57,22,30,0
309,포켓몬00309,땅,,1,82,16,107,117,0
310,포켓몬00310,전기,,1,55,133,79,64,0
311,포켓몬00311,벌레,,6,80,82,229,41,0
312,포켓몬00312,에스퍼,노말,5,35,147,156,49,0
313,포켓몬00313,독,,1,108,169,176,102,0
314,포켓몬00314,비행,,7,58,81,101,52,0
315,포켓몬00315,땅,전기,5,239,186,41,123,0
316,포켓몬00316,에스퍼,,7,162,140,39,104,0
317,포켓몬00317,전기,,2,135,99,28,142,0
318,포켓몬00318,전기,독,1,243,23,53,155,0
319,포켓몬00319,에스퍼,전기,6,97,8,59,53,0
320,포켓몬00320,불꽃,,8,254,67,183,159,0
321,포켓몬00321,독,,9,102,77,102,124,0
322,포켓몬00322,비행,,6,151,132,124,30,0
323,포켓몬00323,땅,,6,254,57,99,85,0
324,포켓몬00324,벌레,,3,24,71,146,154,0
325,포켓몬00325,독,전기,6,78,102,150,67,0
326,포켓몬00326,비행,땅,8,137,48,192,95,0
327,포켓몬00327,에스퍼,,9,184,20,139,13,0
328,포켓몬00328,불꽃,,1,215,6,110,40,0
329,포켓몬00329,전기,물,1,75,134,121,100,0
330,포켓몬00330,벌레,,8,24,6,141,146,0
331,포켓몬00331,풀,,5,157,78,9,133,0
332,포켓몬00332,독,,3,47,29,139,43,0
333,포켓몬00333,벌레,,6,88,106,25,100,0
334,포켓몬00334,땅,,4,96,180,216,25,0
335,포켓몬00335,풀,독,7,161,126,19,168,1
336,포켓몬00336,물,독,6,164,29,140,15,0
337,포켓몬00337,벌레,,1,39,180,76,144,0
338,포켓몬00338,풀,비행,1,73,155,41,106,0
339,포켓몬00339,노말,전기,7,193,143,89,103,0
340,포켓몬00340,물,,2,148,93,18,30,0
341,포켓몬00341,불꽃,,7,218,88,12,167,0
342,포켓몬00342,땅,,6,161,101,115,52,0
343,포켓몬00343,독,벌레,5,224,68,187,23,0
344,포켓몬00344,물,,3,209,104,86,97,0
345,포켓몬00345,풀,,8,112,74,31,38,0
346,포켓몬00346,독,,9,151,109,31,11,0
347,포켓몬00347,에스퍼,벌레,6,241,103,8,79,0
348,포켓몬00348,불꽃,,9,251,67,151,138,0
349,포켓몬00349,독,노말,5,88,131,42,21,0
350,포켓몬00350,노말,,8,220,24,97,69,0
351,포켓몬00351,땅,,4,137,32,39,82,1
352,포켓몬00352,독,,7,225,89,117,90,0
353,포켓몬00353,벌레,비행,4,142,85,50,106,0
354,포켓몬00354,노말,,8,167,67,88,101,0
355,포켓몬00355,독,,4,171,144,51,179,0
356,포켓몬00356,풀,,8,201,58,117,79,0
357,포켓몬00357,불꽃,,7,192,132,40,167,0
358,포켓몬00358,노말,,7,222,101,23,119,0
359,포켓몬00359,땅,,9,149,182,112,144,0
360,포켓몬00360,비행,,9,172,168,26,32,0
361,포켓몬00361,비행,벌레,1,164,170,178,170,0
362,포켓몬00362,비행,,7,47,7,30,71,0
363,포켓몬00363,에스퍼,,4,134,100,105,123,0
364,포켓몬00364,벌레,,3,108,11,128,31,0
365,포켓몬00365,불꽃,물,6,99,92,121,57,0
366,포켓몬00366,비행,,8,204,183,120,86,0
367,포켓몬00367,풀,,2,25,92,170,32,0
368,포켓몬00368,물,,4,152,49,146,45,0
369,포켓몬00369,독,,4,224,108,166,52,0
370,포켓몬00370,독,,4,135,156,114,104,1
371,포켓몬00371,전기,불꽃,2,224,142,52,98,0
372,포켓몬00372,땅,,9,183,85,157,104,0
373,포켓몬00373,벌레,비행,8,178,49,213,177,0
374,포켓몬00374,노말,,2,192,39,85,35,0
375,포켓몬00375,불꽃,물,9,119,112,157,40,0
376,포켓몬00376,독,에스퍼,3,162,47,130,78,0
377,포켓몬00377,비행,,1,241,96,7,129,0
378,포켓몬00378,독,,9,187,131,109,180,0
379,포켓몬00379,땅,,2,164,12,208,61,0
380,포켓몬00380,노말,,3,219,122,149,131,0
381,포켓몬00381,불꽃,,5,218,144,215,98,0
382,포켓몬00382,풀,,8,159,60,113,31,0
383,포켓몬00383,전기,풀,8,87,94,225,27,0
384,포켓몬00384,불꽃,,4,73,155,181,94,0
385,포켓몬00385,벌레,,3,177,40,205,57,0
386,포켓몬00386,풀,,9,91,157,142,48,0
387,포켓몬00387,노말,,9,250,178,213,29,0
388,포켓몬00388,독,,5,241,172,37,38,0
389,포켓몬00389,비행,,7,145,41,152,166,0
390,포켓몬00390,독,,2,182,28,108,136,0
391,포켓몬00391,비행,,8,103,153,5,28,0
392,포켓몬00392,땅,,6,237,21,208,141,0
393,포켓몬00393,독,,8,88,87,217,77,0
394,포켓몬00394,벌레,땅,6,248,179,200,17,0
395,포켓몬00395,땅,물,8,136,5,114,56,0
396,포켓몬00396,물,,5,60,75,28,172,0
397,포켓몬00397,불꽃,,3,33,106,165,83,0
398,포켓몬00398,전기,,2,200,29,5,59,0
399,포켓몬00399,물,,9,194,118,7,7,0
400,포켓몬00400,불꽃,,7,197,38,127,23,0
401,포켓몬00401,불꽃,,2,46,85,99,81,0
402,포켓몬00402,물,,3,37,140,149,7,0
403,포켓몬00403,물,,4,180,43,110,162,0
404,포켓몬00404,전기,불꽃,3,212,36,155,103,0
405,포켓몬00405,독,,3,83,75,170,26,0
406,포켓몬00406,벌레,,5,219,181,11,173,0
407,포켓몬00407,전기,,9,68,105,80,170,0
408,포켓몬00408,전기,,2,81,132,168,157,0
409,포켓몬00409,풀,,6,53,104,225,150,0
410,포켓몬00410,에스퍼,,8,217,23,9,155,0
411,포켓몬00411,노말,풀,7,149,78,165,133,0
412,포켓몬00412,독,,2,183,142,142,162,0
413,포켓몬00413,불꽃,,9,255,57,211,44,0
414,포켓몬00414,독,,2,99,183,116,66,0
415,포켓몬00415,불꽃,,2,136,161,160,19,0
416,포켓몬00416,물,,1,61,132,93,138,0
417,포켓몬00417,노말,물,5,207,35,202,12,0
418,포켓몬00418,독,불꽃,5,202,152,165,24,0
419,포켓몬00419,에스퍼,,8,239,150,47,99,0
420,포켓몬00420,불꽃,,2,78,135,5,16,0
421,포켓몬00421,풀,땅,6,118,43,50,14,0
422,포켓몬00422,독,전기,7,254,189,86,74,0
423,포켓몬00423,벌레,,9,192,18,50,62,0
424,포켓몬00424,풀,,2,244,124,226,77,0
425,포켓몬00425,노말,,9,136,7,99,56,0
426,포켓몬00426,노말,,4,138,99,156,131,0
427,포켓몬00427,전기,,9,214,67,43,6,0
428,포켓몬00428,풀,비행,1,105,5,199,173,0
429,포켓몬00429,노말,에스퍼,4,127,130,20,41,0
430,포켓몬00430,불꽃,전기,9,125,184,100,122,0
431,포켓몬00431,불꽃,,9,54,168,214,105,0
432,포켓몬00432,벌레,물,4,94,71,222,85,0
433,포켓몬00433,독,,6,101,120,74,64,0
434,포켓몬00434,전기,벌레,2,59,32,47,120,0
435,포켓몬00435,독,비행,4,135,83,123,72,0
436,포켓몬00436,불꽃,노말,1,75,88,42,28,0
437,포켓몬00437,비행,,1,193,81,71,49,0
438,포켓몬00438,독,,9,211,145,68,29,0
439,포켓몬00439,물,풀,4,53,55,215,107,0
440,포켓몬00440,불꽃,,5,254,24,10,21,0
441,포켓몬00441,땅,,2,251,89,36,15,0
442,포켓몬00442,풀,벌레,7,230,190,106,132,0
443,포켓몬00443,독,전기,3,90,76,119,43,0
444,포켓몬00444,벌레,,5,147,110,230,145,0
445,포켓몬00445,불꽃,물,7,71,169,209,139,0
446,포켓몬00446,에스퍼,,7,220,187,96,127,0
447,포켓몬00447,땅,,9,102,104,74,51,0
448,포켓몬00448,벌레,노말,1,227,125,140,96,0
449,포켓몬00449,전기,,2,83,173,66,73,0
450,포켓몬00450,풀,,4,167,104,95,49,0
451,포켓몬00451,벌레,,6,253,156,12,95,0
452,포켓몬00452,벌레,전기,8,158,84,49,130,0
453,포켓몬00453,풀,전기,1,154,127,5,89,0
454,포켓몬00454,전기,,6,203,50,210,87,0
455,포켓몬00455,물,,3,218,33,221,139,0
456,포켓몬00456,불꽃,,7,170,30,91,82,0
457,포켓몬00457,물,,7,222,168,129,171,0
458,포켓몬00458,에스퍼,,6,77,175,155,49,0
459,포켓몬00459,노말,풀,7,237,150,13,51,0
460,포켓몬00460,벌레,,2,147,41,89,24,0
461,포켓몬00461,비행,불꽃,6,134,7,72,58,0
462,포켓몬00462,불꽃,,2,204,5,17,103,0
463,포켓몬00463,독,,7,146,101,94,144,0
464,포켓몬00464,땅,,4,61,120,23,13,0
465,포켓몬00465,비행,불꽃,2,107,48,101,46,0
466,포켓몬00466,에스퍼,,2,106,157,162,128,0
467,포켓몬00467,독,,3,175,116,45,18,0
468,포켓몬00468,전기,,7,198,146,189,143,0
469,포켓몬00469,노말,불꽃,1,120,151,145,130,0
470,포켓몬00470,비행,불꽃,5,230,174,165,158,0
471,포켓몬00471,불꽃,물,5,40,126,221,34,0
472,포켓몬00472,독,,5,43,169,144,104,0
473,포켓몬00473,독,,8,31,72,117,124,0
474,포켓몬00474,노말,,3,212,183,175,29,0
475,포켓몬00475,비행,,7,213,155,63,146,0
476,포켓몬00476,독,,7,157,180,226,126,0
477,포켓몬00477,전기,,2,121,187,13,133,0
478,포켓몬00478,에스퍼,,3,50,119,49,47,0
479,포켓몬00479,전기,독,2,194,116,56,165,0
480,포켓몬00480,벌레,불꽃,2,119,147,106,146,0
481,포켓몬00481,노말,,1,221,184,164,155,0
482,포켓몬00482,독,물,3,165,155,154,30,0
483,포켓몬00483,벌레,,5,242,142,230,93,0
484,포켓몬00484,노말,,8,166,160,126,14,0
485,포켓몬00485,독,벌레,7,29,106,230,89,0
486,포켓몬00486,풀,,5,249,100,10,91,0
487,포켓몬00487,노말,,8,239,183,180,30,0
488,포켓몬00488,전기,땅,6,88,111,159,170,0
489,포켓몬00489,땅,독,8,214,137,227,100,0
490,포켓몬00490,에스퍼,,2,99,186,134,108,0
491,포켓몬00491,에스퍼,,1,64,54,229,56,0
492,포켓몬00492,전기,풀,6,200,55,75,99,0
493,포켓몬00493,에스퍼,,2,194,12,66,100,0
494,포켓몬00494,땅,,9,109,93,46,71,0
495,포켓몬00495,불꽃,독,1,61,151,204,59,0
496,포켓몬00496,전기,,5,186,109,136,10,0
497,포켓몬00497,풀,,3,185,49,158,7,0
498,포켓몬00498,벌레,,5,202,186,169,75,0
499,포켓몬00499,독,,8,84,60,124,82,0
500,포켓몬00500,벌레,,2,21,135,174,100,0
501,포켓몬00501,벌레,,5,195,32,128,21,0
502,포켓몬00502,노말,,5,86,172,187,171,0
503,포켓몬00503,물,,4,250,19,211,158,0
504,포켓몬00504,비행,,1,187,132,80,71,0
505,포켓몬00505,독,,1,169,186,151,53,0
506,포켓몬00506,전기,,8,252,176,96,134,0
507,포켓몬00507,물,,9,66,80,29,125,0
508,포켓몬00508,노말,,9,215,51,179,90,0
509,포켓몬00509,전기,,5,127,89,100,71,0
510,포켓몬00510,땅,,8,33,167,154,153,0
511,포켓몬00511,불꽃,,4,148,35,227,179,0
512,포켓몬00512,노말,,3,55,56,92,109,0
513,포켓몬00513,땅,물,2,144,90,166,50,0
514,포켓몬00514,풀,노말,4,214,48,152,45,0
515,포켓몬00515,불꽃,독,7,123,114,127,103,1
516,포켓몬00516,에스퍼,비행,1,248,87,198,140,0
517,포켓몬00517,풀,,4,77,182,229,93,0
518,포켓몬00518,불꽃,,5,62,21,215,16,0
519,포켓몬00519,노말,,9,172,139,91,116,0
520,포켓몬00520,물,,8,111,53,47,108,1
521,포켓몬00521,전기,,3,74,10,155,134,0
522,포켓몬00522,비행,,1,116,168,70,141,0
523,포켓몬00523,벌레,,2,187,10,17,34,0
524,포켓몬00524,독,노말,8,199,44,57,180,0
525,포켓몬00525,노말,,2,189,138,74,164,0
526,포켓몬00526,물,,2,150,189,163,35,0
527,포켓몬00527,불꽃,,4,219,72,217,138,0
528,포켓몬00528,비행,,5,61,15,145,132,0
529,포켓몬00529,땅,,1,23,176,27,33,0
530,포켓몬00530,땅,불꽃,9,39,190,190,30,0
531,포켓몬00531,전기,,5,87,123,17,30,0
532,포켓몬00532,풀,,6,225,178,85,114,0
533,포켓몬00533,불꽃,,1,22,40,174,170,0
534,포켓몬00534,비행,,5,244,28,100,92,0
535,포켓몬00535,독,,8,89,103,181,127,0
536,포켓몬00536,물,풀,3,46,111,156,128,0
537,포켓몬00537,땅,독,6,176,12,225,180,0
538,포켓몬00538,물,,8,48,110,117,16,0
539,포켓몬00539,비행,에스퍼,4,191,91,137,138,0
540,포켓몬00540,벌레,전기,8,108,174,178,169,0
541,포켓몬00541,에스퍼,,1,22,169,45,134,0
542,포켓몬00542,땅,,2,212,130,87,66,0
543,포켓몬00543,노말,전기,9,184,101,108,65,0
544,포켓몬00544,땅,,8,42,132,119,85,0
545,포켓몬00545,땅,,1,46,108,110,14,0
546,포켓몬00546,풀,,5,247,135,148,57,0
547,포켓몬00547,땅,,6,231,18,214,62,0
548,포켓몬00548,비행,,8,203,173,98,120,0
549,포켓몬00549,전기,비행,5,160,138,100,32,0
550,포켓몬00550,물,,7,47,70,161,55,0
551,포켓몬00551,독,전기,6,47,111,16,167,0
552,포켓몬00552,벌레,땅,8,188,155,134,39,0
553,포켓몬00553,풀,,1,161,115,219,154,0
554,포켓몬00554,에스퍼,,3,197,153,49,37,0
555,포켓몬00555,벌레,,6,149,103,112,160,0
556,포켓몬00556,전기,비행,5,135,39,40,110,0
557,포켓몬00557,에스퍼,,6,202,146,166,60,0
558,포켓몬00558,벌레,,6,255,177,38,171,0
559,포켓몬00559,물,,6,201,34,199,95,0
560,포켓몬00560,벌레,,7,192,141,78,113,0
561,포켓몬00561,에스퍼,독,3,33,176,19,56,0
562,포켓몬00562,물,,5,57,20,181,80,0
563,포켓몬00563,에스퍼,땅,2,177,177,194,148,0
564,포켓몬00564,에스퍼,,9,220,183,78,175,0
565,포켓몬00565,독,,6,161,18,8,69,0
566,포켓몬00566,땅,,6,213,155,144,159,0
567,포켓몬00567,전기,물,2,67,49,193,136,0
568,포켓몬00568,풀,,9,87,38,46,154,0
569,포켓몬00569,풀,,3,30,44,87,157,0
570,포켓몬00570,벌레,,5,145,151,145,96,0
571,포켓몬00571,비행,,3,153,22,206,134,0
572,포켓몬00572,에스퍼,,2,109,61,59,174,0
573,포켓몬00573,비행,벌레,9,141,148,215,171,1
574,포켓몬00574,비행,,4,30,179,87,102,0
575,포켓몬00575,불꽃,,9,205,77,11,137,0
576,포켓몬00576,비행,,9,134,129,16,80,0
577,포켓몬00577,전기,,2,44,47,202,142,0
578,포켓몬00578,불꽃,전기,7,233,31,57,142,0
579,포켓몬00579,독,,2,211,180,44,11,0
580,포켓몬00580,비행,불꽃,1,65,69,147,23,0
581,포켓몬00581,전기,,7,119,120,166,108,0
582,포켓몬00582,풀,,2,156,6,169,163,0
583,포켓몬00583,벌레,불꽃,6,148,32,79,180,0
584,포켓몬00584,불꽃,땅,7,121,174,12,126,0
585,포켓몬00585,전기,독,9,95,167,41,81,0
586,포켓몬00586,비행,,1,161,147,41,36,0
587,포켓몬00587,벌레,,9,160,26,83,58,0
588,포켓몬00588,비행,에스퍼,3,61,52,61,162,0
589,포켓몬00589,전기,벌레,1,237,145,123,170,0
590,포켓몬00590,노말,,5,45,55,190,153,0
591,포켓몬00591,비행,,4,45,77,163,22,0
592,포켓몬00592,비행,,6,177,173,83,154,0
593,포켓몬00593,벌레,,6,129,48,6,85,0
594,포켓몬00594,전기,,7,90,97,39,178,0
595,포켓몬00595,땅,,6,218,83,129,146,0
596,포켓몬00596,벌레,노말,3,248,142,55,72,0
597,포켓몬00597,불꽃,,1,237,134,166,12,0
598,포켓몬00598,벌레,,4,252,14,146,71,0
599,포켓몬00599,에스퍼,,3,113,105,62,155,0
600,포켓몬00600,노말,에스퍼,9,43,106,98,133,1
601,포켓몬00601,전기,,3,213,136,40,119,0
602,포켓몬00602,벌레,,3,208,128,96,15,0
603,포켓몬00603,땅,노말,6,79,15,176,57,0
604,포켓몬00604,비행,,8,245,16,15,171,0
605,포켓몬00605,에스퍼,,5,233,72,153,144,0
606,포켓몬00606,독,,6,170,172,218,24,0
607,포켓몬00607,독,,4,152,108,95,93,0
608,포켓몬00608,땅,,1,148,40,117,47,0
609,포켓몬00609,에스퍼,,4,58,52,45,97,0
610,포켓몬00610,불꽃,,7,227,89,189,34,0
611,포켓몬00611,땅,,3,185,110,10,67,0
612,포켓몬00612,벌레,,3,181,136,15,151,0
613,포켓몬00613,물,,9,123,158,149,168,1
614,포켓몬00614,노말,,4,134,160,125,128,0
615,포켓몬00615,독,,3,179,173,135,72,0
616,포켓몬00616,비행,,2,78,101,103,38,0
617,포켓몬00617,전기,,9,195,112,216,43,0
618,포켓몬00618,물,,1,244,141,133,35,0
619,포켓몬00619,물,,9,231,5,203,178,0
620,포켓몬00620,에스퍼,,1,198,140,114,63,0
621,포켓몬00621,땅,,7,109,155,210,152,0
622,포켓몬00622,물,전기,2,92,158,229,144,0
623,포켓몬00623,전기,풀,9,50,138,6,101,0
624,포켓몬00624,비행,,2,59,114,171,154,0
625,포켓몬00625,에스퍼,,6,176,75,179,106,0
626,포켓몬00626,독,,9,143,50,99,148,0
627,포켓몬00627,노말,,6,218,185,106,40,0
628,포켓몬00628,불꽃,,8,220,184,46,30,0
629,포켓몬00629,독,,9,177,183,180,18,0
630,포켓몬00630,풀,,3,140,158,116,27,0
631,포켓몬00631,전기,,1,205,103,107,162,0
632,포켓몬00632,노말,,1,218,49,168,131,0
633,포켓몬00633,전기,,9,93,54,13,158,0
634,포켓몬00634,전기,,1,112,66,172,5,0
635,포켓몬00635,불꽃,,7,110,176,106,108,0
636,포켓몬00636,에스퍼,불꽃,2,160,77,190,148,0
637,포켓몬00637,비행,,5,77,160,54,121,0
638,포켓몬00638,벌레,물,7,149,32,148,23,0
639,포켓몬00639,비행,,9,85,142,213,152,0
640,포켓몬00640,땅,,8,217,67,198,91,0
641,포켓몬00641,땅,,1,143,34,71,22,0
642,포켓몬00642,전기,,4,224,85,110,95,0
643,포켓몬00643,풀,,5,83,78,28,107,0
644,포켓몬00644,비행,물,8,100,95,60,151,0
645,포켓몬00645,전기,,4,80,66,228,72,0
646,포켓몬00646,전기,,6,59,32,35,25,0
647,포켓몬00647,땅,,9,30,128,100,163,0
648,포켓몬00648,벌레,,8,66,135,76,106,0
649,포켓몬00649,벌레,에스퍼,7,142,143,13,133,0
650,포켓몬00650,물,,2,198,137,122,85,0
651,포켓몬00651,풀,,7,168,30,88,97,0
652,포켓몬00652,노말,,4,88,125,161,92,0
653,포켓몬00653,땅,,7,199,100,98,107,0
654,포켓몬00654,물,,4,228,30,189,74,0
655,포켓몬00655,에스퍼,,7,70,42,209,43,0
656,포켓몬00656,풀,땅,3,248,166,137,141,0
657,포켓몬00657,땅,,9,239,150,17,106,0
658,포켓몬00658,물,노말,8,234,166,29,120,0
659,포켓몬00659,노말,,9,162,70,93,10,0
660,포켓몬00660,비행,,4,167,152,171,171,0
661,포켓몬00661,노말,,9,144,119,25,102,0
662,포켓몬00662,땅,,3,242,47,168,91,0
663,포켓몬00663,벌레,,2,40,46,92,63,0
664,포켓몬00664,노말,,7,89,118,204,97,0
665,포켓몬00665,에스퍼,,7,62,52,223,10,0
666,포켓몬00666,전기,,2,73,47,106,31,0
667,포켓몬00667,땅,,1,217,106,139,26,0
668,포켓몬00668,벌레,독,5,78,68,193,77,0
669,포켓몬00669,물,,1,28,174,96,88,0
670,포켓몬00670,땅,,9,89,145,118,39,0
671,포켓몬00671,에스퍼,벌레,8,181,167,229,149,0
672,포켓몬00672,에스퍼,,6,143,143,63,27,0
673,포켓몬00673,비행,,3,97,7,5,138,0
674,포켓몬00674,물,,8,156,7,181,130,0
675,포켓몬00675,땅,독,5,172,64,208,6,0
676,포켓몬00676,전기,,9,131,106,68,46,0
677,포켓몬00677,독,,4,87,25,113,165,0
678,포켓몬00678,벌레,,5,92,171,195,141,0
679,포켓몬00679,독,불꽃,3,54,79,33,168,0
680,포켓몬00680,땅,벌레,8,68,87,9,43,0
681,포켓몬00681,에스퍼,불꽃,5,88,37,188,117,0
682,포켓몬00682,전기,풀,8,75,92,112,84,0
683,포켓몬00683,땅,,8,198,13,89,25,0
684,포켓몬00684,물,독,2,159,125,51,54,0
685,포켓몬00685,노말,,1,51,187,68,103,0
686,포켓몬00686,땅,풀,4,137,29,138,175,0
687,포켓몬00687,땅,,5,102,45,166,15,0
688,포켓몬00688,에스퍼,,5,143,168,81,55,0
689,포켓몬00689,풀,,4,48,65,167,116,0
690,포켓몬00690,물,,2,121,67,7,15,0
691,포켓몬00691,땅,,3,115,27,68,45,0
692,포켓몬00692,벌레,,1,35,96,170,44,0
693,포켓몬00693,불꽃,전기,6,162,170,198,93,0
694,포켓몬00694,땅,,1,196,101,96,39,0
695,포켓몬00695,풀,,8,163,80,143,130,0
696,포켓몬00696,물,,6,207,124,75,158,0
697,포켓몬00697,에스퍼,,3,135,80,214,72,0
698,포켓몬00698,땅,에스퍼,7,207,52,9,163,0
699,포켓몬00699,벌레,불꽃,9,229,104,53,139,0
700,포켓몬00700,에스퍼,노말,6,124,169,87,33,0
701,포켓몬00701,불꽃,물,3,243,13,56,32,0
702,포켓몬00702,불꽃,독,8,154,164,184,156,0
703,포켓몬00703,비행,불꽃,1,255,58,172,130,0
704,포켓몬00704,불꽃,,1,112,147,195,111,0
705,포켓몬00705,풀,,5,155,15,192,23,0
706,포켓몬00706,불꽃,,9,44,30,190,64,0
707,포켓몬00707,전기,,3,162,147,111,32,0
708,포켓몬00708,벌레,,8,199,175,114,31,0
709,포켓몬00709,물,,9,106,173,45,141,0
710,포켓몬00710,땅,,6,160,88,221,100,0
711,포켓몬00711,독,,6,175,66,149,144,0
712,포켓몬00712,에스퍼,,5,112,120,119,106,1
713,포켓몬00713,풀,,1,152,39,82,6,0
714,포켓몬00714,전기,비행,1,217,181,215,75,0
715,포켓몬00715,에스퍼,,3,44,14,122,96,0
716,포켓몬00716,노말,,4,79,70,212,81,0
717,포켓몬00717,독,,4,207,24,190,88,0
718,포켓몬00718,물,,2,172,169,81,14,0
719,포켓몬00719,벌레,,1,255,90,94,116,0
720,포켓몬00720,불꽃,,4,211,172,222,159,0
721,포켓몬00721,독,에스퍼,1,101,143,149,43,0
722,포켓몬00722,전기,독,8,212,157,152,134,0
723,포켓몬00723,독,,3,53,91,26,126,0
724,포켓몬00724,풀,,5,41,107,133,116,0
725,포켓몬00725,물,,8,163,55,129,106,0
726,포켓몬00726,전기,,9,83,67,23,73,0
727,포켓몬00727,비행,,2,48,176,110,113,0
728,포켓몬00728,전기,,1,217,83,48,94,0
729,포켓몬00729,땅,,8,31,64,56,180,0
730,포켓몬00730,불꽃,풀,4,178,42,227,78,1
731,포켓몬00731,불꽃,,8,25,89,58,142,0
732,포켓몬00732,에스퍼,,5,160,128,164,41,0
733,포켓몬00733,풀,,9,31,70,48,20,0
734,포켓몬00734,벌레,땅,1,37,104,174,74,0
735,포켓몬00735,비행,,1,94,171,103,64,0
736,포켓몬00736,에스퍼,,2,251,85,129,157,0
737,포켓몬00737,물,땅,9,202,10,15,68,0
738,포켓몬00738,노말,,7,210,45,9,93,0
739,포켓몬00739,비행,,4,148,75,212,20,0
740,포켓몬00740,독,,1,162,76,62,43,0
741,포켓몬00741,독,,2,206,102,138,178,0
742,포켓몬00742,전기,,3,129,84,159,89,0
743,포켓몬00743,물,,9,195,56,225,40,0
744,포켓몬00744,에스퍼,,7,252,42,172,149,0
745,포켓몬00745,비행,에스퍼,2,67,86,219,42,0
746,포켓몬00746,비행,,7,125,82,118,168,0
747,포켓몬00747,노말,전기,2,53,52,11,161,0
748,포켓몬00748,벌레,,4,172,64,64,180,0
749,포켓몬00749,불꽃,,8,54,133,221,159,0
750,포켓몬00750,비행,독,8,141,40,46,54,0
751,포켓몬00751,독,,1,89,110,61,176,0
752,포켓몬00752,전기,땅,8,196,88,226,122,0
753,포켓몬00753,독,,1,175,102,189,85,0
754,포켓몬00754,벌레,,9,184,185,206,14,0
755,포켓몬00755,땅,,1,244,67,137,142,0
756,포켓몬00756,풀,,9,215,166,17,53,0
757,포켓몬00757,독,,5,138,47,113,80,0
758,포켓몬00758,풀,,3,138,170,120,28,0
759,포켓몬00759,불꽃,벌레,9,54,105,110,87,0
760,포켓몬00760,물,,4,245,121,28,69,0
761,포켓몬00761,물,,2,43,34,185,120,0
762,포켓몬00762,불꽃,,7,206,135,161,45,0
763,포켓몬00763,독,물,6,164,173,225,43,0
764,포켓몬00764,물,풀,7,98,84,191,119,0
765,포켓몬00765,물,,4,20,164,200,69,1
766,포켓몬00766,땅,,9,226,6,160,131,0
767,포켓몬00767,벌레,,8,124,118,25,158,0
768,포켓몬00768,전기,,5,178,165,147,58,0
769,포켓몬00769,물,비행,1,57,13,175,152,0
770,포켓몬00770,노말,,2,32,32,111,50,0
771,포켓몬00771,노말,,9,65,121,196,153,0
772,포켓몬00772,풀,노말,6,114,102,214,22,0
773,포켓몬00773,에스퍼,땅,3,51,182,225,75,0
774,포켓몬00774,독,,4,176,19,32,151,0
775,포켓몬00775,에스퍼,,8,205,181,159,78,0
776,포켓몬00776,비행,벌레,6,53,162,149,132,0
777,포켓몬00777,땅,,3,246,161,64,79,0
778,포켓몬00778,풀,땅,2,208,58,209,162,0
779,포켓몬00779,독,비행,9,226,168,59,7,0
780,포켓몬00780,노말,불꽃,5,96,134,145,87,0
781,포켓몬00781,불꽃,,6,121,190,150,162,0
782,포켓몬00782,물,비행,8,254,126,209,14,0
783,포켓몬00783,땅,,9,249,90,123,110,0
784,포켓몬00784,풀,,5,164,190,178,85,0
785,포켓몬00785,풀,비행,6,36,43,76,12,0
786,포켓몬00786,독,,3,166,160,104,52,0
787,포켓몬00787,노말,,6,201,13,74,110,0
788,포켓몬00788,전기,,5,75,139,82,49,0
789,포켓몬00789,풀,,2,133,134,11,128,0
790,포켓몬00790,물,땅,9,99,88,41,30,0
791,포켓몬00791,에스퍼,,3,72,190,14,122,0
792,포켓몬00792,에스퍼,노말,1,195,157,228,27,0
793,포켓몬00793,풀,노말,1,167,84,168,58,0
794,포켓몬00794,전기,에스퍼,6,217,117,176,35,0
795,포켓몬00795,물,풀,9,151,31,57,143,0
796,포켓몬00796,비행,노말,4,63,23,84,161,0
797,포켓몬00797,에스퍼,,3,27,125,177,17,0
798,포켓몬00798,풀,독,3,200,157,156,166,0
799,포켓몬00799,땅,,5,105,55,187,176,0
800,포켓몬00800,불꽃,,8,165,38,28,124,0
801,포켓몬00801,노말,,8,140,64,62,41,0
802,포켓몬00802,벌레,비행,7,66,184,175,89,0
803,포켓몬00803,비행,,1,36,126,33,94,0
804,포켓몬00804,물,비행,3,150,31,108,32,0
805,포켓몬00805,불꽃,,9,138,107,156,110,0
806,포켓몬00806,전기,,8,118,21,92,58,0
807,포켓몬00807,벌레,,7,165,92,144,65,0
808,포켓몬00808,불꽃,,8,49,156,157,123,0
809,포켓몬00809,불꽃,,3,98,108,22,158,0
810,포켓몬00810,벌레,,7,103,131,170,174,0
811,포켓몬00811,전기,,1,213,42,174,43,0
812,포켓몬00812,노말,,8,70,57,179,86,0
813,포켓몬00813,노말,,7,203,93,27,154,1
814,포켓몬00814,에스퍼,,3,238,80,20,99,0
815,포켓몬00815,풀,에스퍼,6,48,77,226,12,0
816,포켓몬00816,벌레,,6,202,102,108,102,0
817,포켓몬00817,전기,,8,55,53,147,103,0
818,포켓몬00818,비행,,3,93,176,37,39,1
819,포켓몬00819,풀,땅,7,54,26,40,169,0
820,포켓몬00820,땅,,7,179,51,121,135,0
821,포켓몬00821,땅,,4,67,113,159,6,0
822,포켓몬00822,전기,,5,125,144,152,98,0
823,포켓몬00823,풀,,6,48,153,128,25,0
824,포켓몬00824,에스퍼,,5,139,137,25,138,0
825,포켓몬00825,불꽃,,9,224,153,84,161,0
826,포켓몬00826,비행,,1,140,121,136,125,0
827,포켓몬00827,비행,,5,94,47,14,157,0
828,포켓몬00828,벌레,땅,3,166,18,173,79,0
829,포켓몬00829,벌레,땅,2,52,134,24,76,0
830,포켓몬00830,벌레,노말,1,209,33,159,49,0
831,포켓몬00831,물,,6,226,49,71,65,0
832,포켓몬00832,에스퍼,,6,41,42,157,44,0
833,포켓몬00833,독,,4,189,117,190,168,0
834,포켓몬00834,벌레,,6,33,169,72,34,0
835,포켓몬00835,땅,,5,141,141,64,102,0
836,포켓몬00836,독,,3,155,116,8,78,0
837,포켓몬00837,땅,,6,155,179,15,29,0
838,포켓몬00838,비행,,7,176,171,224,74,0
839,포켓몬00839,노말,,5,187,154,105,123,0
840,포켓몬00840,전기,,4,153,91,178,51,0
841,포켓몬00841,풀,,2,23,110,30,139,0
842,포켓몬00842,땅,,5,84,54,13,11,0
843,포켓몬00843,풀,,4,173,168,36,35,0
844,포켓몬00844,벌레,,3,249,33,183,52,0
845,포켓몬00845,땅,,2,183,121,75,114,0
846,포켓몬00846,비행,불꽃,5,218,20,102,104,0
847,포켓몬00847,풀,노말,3,132,22,130,56,0
848,포켓몬00848,물,,2,56,143,201,115,0
849,포켓몬00849,불꽃,,5,46,13,23,23,0
850,포켓몬00850,노말,,1,249,132,43,172,0
851,포켓몬00851,풀,,5,58,184,89,105,0
852,포켓몬00852,에스퍼,,8,142,116,108,22,0
853,포켓몬00853,풀,,8,51,150,142,96,0
854,포켓몬00854,노말,,2,113,141,223,92,0
855,포켓몬00855,땅,,5,185,56,50,146,0
856,포켓몬00856,독,,5,198,104,32,166,0
857,포켓몬00857,땅,,4,55,14,54,11,0
858,포켓몬00858,벌레,독,2,222,143,169,83,0
859,포켓몬00859,땅,,1,29,91,19,91,0
860,포켓몬00860,풀,,4,226,172,175,138,0
861,포켓몬00861,에스퍼,벌레,4,38,14,193,41,0
862,포켓몬00862,풀,,1,82,184,171,38,1
863,포켓몬00863,풀,,2,136,161,48,156,0
864,포켓몬00864,불꽃,벌레,4,36,56,114,91,0
865,포켓몬00865,독,,9,55,87,219,59,0
866,포켓몬00866,벌레,불꽃,2,90,41,198,111,0
867,포켓몬00867,비행,,8,82,153,15,39,0
868,포켓몬00868,벌레,,3,24,129,25,6,1
869,포켓몬00869,불꽃,,5,126,182,211,126,0
870,포켓몬00870,전기,노말,9,135,110,66,49,0
871,포켓몬00871,풀,,8,176,27,165,82,0
872,포켓몬00872,풀,,4,50,140,29,163,0
873,포켓몬00873,에스퍼,,8,217,165,173,58,0
874,포켓몬00874,전기,물,8,147,50,45,176,0
875,포켓몬00875,풀,,5,73,116,69,90,0
876,포켓몬00876,땅,풀,9,65,45,206,12,0
877,포켓몬00877,불꽃,전기,8,171,153,88,112,0
878,포켓몬00878,비행,불꽃,6,78,30,65,110,0
879,포켓몬00879,독,,2,140,154,129,18,0
880,포켓몬00880,물,벌레,8,65,104,100,39,0
881,포켓몬00881,전기,,5,71,90,37,13,0
882,포켓몬00882,풀,불꽃,8,137,112,48,92,0
883,포켓몬00883,노말,,3,167,146,223,63,0
884,포켓몬00884,에스퍼,,4,171,126,219,123,0
885,포켓몬00885,독,,4,83,88,116,153,0
886,포켓몬00886,벌레,,1,126,16,15,125,0
887,포켓몬00887,에스퍼,,7,142,183,215,30,0
888,포켓몬00888,전기,풀,7,75,38,96,80,0
889,포켓몬00889,불꽃,노말,3,200,122,224,151,0
890,포켓몬00890,풀,,8,217,40,228,108,0
891,포켓몬00891,비행,,1,240,165,23,103,0
892,포켓몬00892,비행,,5,129,74,183,161,0
893,포켓몬00893,전기,,2,178,90,193,19,0
894,포켓몬00894,비행,,2,118,98,124,163,0
895,포켓몬00895,비행,에스퍼,2,163,186,203,57,0
896,포켓몬00896,비행,불꽃,8,208,153,228,58,0
897,포켓몬00897,전기,,5,148,179,113,75,0
898,포켓몬00898,비행,,8,148,139,217,36,0
899,포켓몬00899,에스퍼,,9,250,79,120,163,0
900,포켓몬00900,불꽃,땅,2,40,105,50,78,0
901,포켓몬00901,불꽃,노말,2,198,42,132,43,0
902,포켓몬00902,에스퍼,,1,95,111,179,143,0
903,포켓몬00903,땅,,8,208,170,10,79,0
904,포켓몬00904,풀,,4,233,138,170,90,0
905,포켓몬00905,비행,,6,144,156,175,140,0
906,포켓몬00906,땅,,3,249,83,48,71,0
907,포켓몬00907,비행,,1,57,95,77,121,0
908,포켓몬00908,벌레,,9,93,51,49,175,0
909,포켓몬00909,물,풀,6,167,37,117,71,0
910,포켓몬00910,전기,,1,190,86,93,42,0
911,포켓몬00911,에스퍼,,9,97,36,11,108,0
912,포켓몬00912,물,,6,59,6,194,144,0
913,포켓몬00913,비행,,5,141,79,198,151,0
914,포켓몬00914,벌레,,8,106,181,33,127,0
915,포켓몬00915,물,,2,98,11,107,163,0
916,포켓몬00916,땅,,6,34,160,169,54,0
917,포켓몬00917,전기,,5,70,10,26,142,0
918,포켓몬00918,불꽃,,7,69,130,86,159,0
919,포켓몬00919,풀,,6,121,42,188,114,0
920,포켓몬00920,비행,,6,98,119,228,148,0
921,포켓몬00921,땅,,7,225,118,78,46,0
922,포켓몬00922,독,,7,55,155,158,27,0
923,포켓몬00923,노말,,9,105,21,156,101,0
924,포켓몬00924,독,,5,126,49,147,123,0
925,포켓몬00925,물,독,5,161,130,15,82,0
926,포켓몬00926,노말,,8,77,11,207,5,0
927,포켓몬00927,노말,,8,51,172,175,78,0
928,포켓몬00928,땅,,4,27,35,200,75,0
929,포켓몬00929,불꽃,,6,168,128,149,116,0
930,포켓몬00930,땅,,2,115,136,192,152,1
931,포켓몬00931,노말,풀,3,101,123,229,39,0
932,포켓몬00932,풀,독,6,32,79,79,140,0
933,포켓몬00933,불꽃,,3,215,29,158,47,0
934,포켓몬00934,비행,,5,89,180,183,97,0
935,포켓몬00935,벌레,,3,23,40,137,77,0
936,포켓몬00936,땅,,3,46,60,44,133,0
937,포켓몬00937,전기,,9,177,181,217,139,0
938,포켓몬00938,에스퍼,,2,126,122,24,34,0
939,포켓몬00939,풀,,5,196,97,40,118,0
940,포켓몬00940,벌레,,6,64,186,82,12,0
941,포켓몬00941,불꽃,물,4,98,37,58,38,0
942,포켓몬00942,독,,2,39,9,203,128,0
943,포켓몬00943,풀,,9,171,20,125,35,0
944,포켓몬00944,풀,,2,220,36,159,57,0
945,포켓몬00945,전기,비행,1,43,42,221,76,0
946,포켓몬00946,비행,,9,219,161,66,134,0
947,포켓몬00947,불꽃,,1,155,60,188,54,0
948,포켓몬00948,물,,9,21,190,30,59,0
949,포켓몬00949,땅,,3,132,177,32,51,0
950,포켓몬00950,독,,9,78,109,33,85,0
951,포켓몬00951,불꽃,,8,215,97,185,78,0
952,포켓몬00952,풀,땅,2,118,77,121,158,0
953,포켓몬00953,땅,독,5,238,114,53,22,0
954,포켓몬00954,땅,,6,65,8,177,130,0
955,포켓몬00955,독,,2,50,41,106,107,0
956,포켓몬00956,불꽃,,3,36,98,55,91,0
957,포켓몬00957,독,,8,91,187,201,153,0
958,포켓몬00958,독,,7,144,135,76,42,0
959,포켓몬00959,불꽃,땅,8,79,165,39,12,0
960,포켓몬00960,풀,,8,193,11,50,102,0
961,포켓몬00961,비행,벌레,2,214,24,174,138,0
962,포켓몬00962,땅,,8,149,71,143,92,0
963,포켓몬00963,에스퍼,,1,130,35,103,120,0
964,포켓몬00964,독,,1,28,50,147,173,0
965,포켓몬00965,노말,,3,145,115,39,84,0
966,포켓몬00966,땅,,8,188,146,180,143,0
967,포켓몬00967,땅,,3,149,19,105,72,0
968,포켓몬00968,독,,6,216,77,87,20,0
969,포켓몬00969,풀,비행,6,227,154,11,165,0
970,포켓몬00970,불꽃,,6,125,94,19,174,0
971,포켓몬00971,전기,,2,253,181,21,83,0
972,포켓몬00972,물,비행,1,137,173,226,113,0
973,포켓몬00973,독,땅,1,101,101,151,104,0
974,포켓몬00974,불꽃,,2,196,177,57,91,0
975,포켓몬00975,비행,노말,6,131,56,132,167,0
976,포켓몬00976,불꽃,,9,74,78,72,17,0
977,포켓몬00977,벌레,,4,179,28,188,153,0
978,포켓몬00978,비행,벌레,9,141,114,58,93,0
979,포켓몬00979,노말,,5,130,174,143,85,0
980,포켓몬00980,독,에스퍼,8,191,145,51,9,0
981,포켓몬00981,에스퍼,,8,74,174,215,124,0
982,포켓몬00982,에스퍼,,7,164,165,20,138,0
983,포켓몬00983,땅,물,5,236,116,110,86,0
984,포켓몬00984,불꽃,,7,88,78,170,46,0
985,포켓몬00985,벌레,전기,2,58,54,12,67,0
986,포켓몬00986,노말,,9,131,113,170,14,0
987,포켓몬00987,노말,,5,188,145,50,169,0
988,포켓몬00988,땅,,1,240,26,85,159,0
989,포켓몬00989,불꽃,,7,249,98,176,173,0
990,포켓몬00990,독,,3,80,33,151,133,0
991,포켓몬00991,에스퍼,,9,84,132,28,65,0
992,포켓몬00992,비행,,7,226,65,113,60,0
993,포켓몬00993,물,노말,8,124,70,225,155,0
994,포켓몬00994,에스퍼,,2,101,144,113,126,0
995,포켓몬00995,노말,,3,112,126,188,99,0
996,포켓몬00996,풀,,1,235,174,209,18,0
997,포켓몬00997,전기,독,5,183,184,97,180,0
998,포켓몬00998,전기,,7,22,105,70,82,0
999,포켓몬00999,전기,물,8,181,86,230,169,0
1000,포켓몬01000,풀,불꽃,8,140,110,220,90,0
