time,target,action,lib,width,height,mem_before_mb,mem_after_mb,mem_delta_mb,cpu_pct,elapsed_s
2026-09-14 17:42:32,list_10m,alloc,,,,15.0,91.3,76.3,0.0,0.012
2026-09-14 17:43:49,list_10m,alloc,,,,14.9,91.2,76.3,133.0,0.012
2026-09-14 17:43:49,list_10m,alloc,,,,91.3,167.6,76.3,0.0,0.011
2026-09-14 17:43:49,list_10m,alloc,,,,91.3,167.6,76.3,0.0,0.01
2026-09-14 17:43:49,list_10m,alloc,,,,91.3,167.6,76.3,0.0,0.013
2026-09-14 17:43:49,list_10m,alloc,,,,91.3,167.6,76.3,86.1,0.016
2026-09-14 17:47:25,list_10m,alloc,,,,14.6,90.9,76.3,134.4,0.011
2026-09-14 17:47:25,list_10m,alloc,,,,91.0,167.3,76.3,134.3,0.012
2026-09-14 17:47:25,list_10m,alloc,,,,91.0,167.3,76.3,120.7,0.013
2026-09-14 17:47:25,list_10m,alloc,,,,91.0,167.3,76.3,0.0,0.013
2026-09-14 17:47:25,list_10m,alloc,,,,91.0,167.3,76.3,138.8,0.011
2026-09-14 17:56:16,sample.png,load,pillow,,,38.0,39.2,1.2,28.1,0.056
2026-09-14 17:56:16,sample.png,load,opencv,,,39.2,40.1,0.9,0.0,0.002
2026-09-14 17:56:25,sample.png,load,pillow,,,37.7,38.9,1.2,0.0,0.012
2026-09-14 17:56:25,sample.png,load,opencv,,,38.9,39.7,0.8,0.0,0.002
2026-09-14 17:58:26,sample_400x300.png,load,pillow,400,300,37.8,39.0,1.2,136.5,0.011
2026-09-14 17:58:26,sample_400x300.png,load,opencv,400,300,39.0,39.9,0.9,0.0,0.002
2026-09-14 18:08:11,webcam#0,frame,opencv,1280,720,119.5,124.9,5.4,2.9,0.5432
2026-09-14 18:08:11,webcam#1,frame,opencv,1280,720,132.8,139.0,6.2,36.3,0.0033
2026-09-14 18:08:11,webcam#2,frame,opencv,1280,720,136.4,139.0,2.6,0.0,0.0028
2026-09-14 18:08:11,webcam#3,frame,opencv,1280,720,136.4,139.0,2.6,0.0,0.0197
2026-09-14 18:08:11,webcam#4,frame,opencv,1280,720,136.4,139.0,2.6,216.0,0.0212
2026-09-14 18:08:11,webcam#5,frame,opencv,1280,720,136.4,139.0,2.6,0.0,0.0439
2026-09-14 18:08:11,webcam#6,frame,opencv,1280,720,136.4,139.0,2.6,54.8,0.0204
2026-09-14 18:08:11,webcam#7,frame,opencv,1280,720,136.4,139.0,2.6,43.1,0.0284
2026-09-14 18:08:11,webcam#8,frame,opencv,1280,720,136.4,139.0,2.6,0.0,0.0197
2026-09-14 18:08:11,webcam#9,frame,opencv,1280,720,136.4,139.0,2.6,0.0,0.0258
2026-09-14 18:08:11,webcam#10,frame,opencv,1280,720,136.4,139.0,2.6,0.0,0.0227
2026-09-14 18:08:11,webcam#11,frame,opencv,1280,720,136.4,139.0,2.6,0.0,0.0245
2026-09-14 18:08:11,webcam#12,frame,opencv,1280,720,136.4,139.0,2.6,49.1,0.0244
2026-09-14 18:08:11,webcam#13,frame,opencv,1280,720,136.4,139.0,2.6,48.1,0.025
2026-09-14 18:08:11,webcam#14,frame,opencv,1280,720,136.4,139.0,2.6,0.0,0.023
2026-09-14 18:08:11,webcam#15,frame,opencv,1280,720,136.4,139.1,2.7,48.9,0.0245
2026-09-14 18:08:11,webcam#16,frame,opencv,1280,720,136.5,139.1,2.6,0.0,0.0243
2026-09-14 18:08:11,webcam#17,frame,opencv,1280,720,136.5,139.1,2.6,0.0,0.0259
2026-09-14 18:08:11,webcam#18,frame,opencv,1280,720,136.5,139.1,2.6,49.2,0.0254
2026-09-14 18:08:11,webcam#19,frame,opencv,1280,720,136.5,139.1,2.6,0.0,0.0405
2026-09-14 18:08:11,webcam#20,frame,opencv,1280,720,136.5,139.1,2.6,47.3,0.0262
2026-09-14 18:08:11,webcam#21,frame,opencv,1280,720,136.5,139.1,2.6,0.0,0.0244
2026-09-14 18:08:12,webcam#22,frame,opencv,1280,720,136.5,139.1,2.6,0.0,0.0238
2026-09-14 18:08:12,webcam#23,frame,opencv,1280,720,136.5,139.1,2.6,93.8,0.0259
2026-09-14 18:08:12,webcam#24,frame,opencv,1280,720,136.5,139.1,2.6,0.0,0.025
2026-09-14 18:08:12,webcam#25,frame,opencv,1280,720,136.5,139.1,2.6,49.6,0.0248
2026-09-14 18:08:12,webcam#26,frame,opencv,1280,720,136.5,139.1,2.6,94.6,0.0258
2026-09-14 18:08:12,webcam#27,frame,opencv,1280,720,136.5,139.1,2.6,50.9,0.0231
2026-09-14 18:08:12,webcam#28,frame,opencv,1280,720,136.5,139.1,2.6,49.9,0.0252
2026-09-14 18:08:12,webcam#29,frame,opencv,1280,720,136.5,139.1,2.6,48.2,0.0252
2026-09-14 18:08:12,webcam#30,frame,opencv,1280,720,136.5,139.1,2.6,230.7,0.0272
2026-09-14 18:08:12,webcam#31,frame,opencv,1280,720,136.5,139.1,2.6,0.0,0.0241
2026-09-14 18:08:12,webcam#32,frame,opencv,1280,720,136.5,139.1,2.6,0.0,0.0286
2026-09-14 18:08:12,webcam#33,frame,opencv,1280,720,136.5,139.1,2.6,70.3,0.0378
2026-09-14 18:08:12,webcam#34,frame,opencv,1280,720,136.5,139.1,2.6,47.8,0.0264
2026-09-14 18:08:12,webcam#35,frame,opencv,1280,720,136.5,139.1,2.6,47.9,0.026
2026-09-14 18:08:12,webcam#36,frame,opencv,1280,720,136.5,139.1,2.6,49.1,0.0251
2026-09-14 18:08:12,webcam#37,frame,opencv,1280,720,136.5,139.1,2.6,0.0,0.0261
2026-09-14 18:08:12,webcam#38,frame,opencv,1280,720,136.5,139.1,2.6,0.0,0.0227
2026-09-14 18:08:12,webcam#39,frame,opencv,1280,720,136.5,139.1,2.6,0.0,0.0252
2026-09-14 18:08:12,webcam#40,frame,opencv,1280,720,136.5,139.1,2.6,0.0,0.024
2026-09-14 18:08:12,webcam#41,frame,opencv,1280,720,136.5,139.1,2.6,0.0,0.025
2026-09-14 18:08:12,webcam#42,frame,opencv,1280,720,136.5,139.1,2.6,48.0,0.0256
2026-09-14 18:08:12,webcam#43,frame,opencv,1280,720,136.5,139.1,2.6,48.2,0.0252
2026-09-14 18:08:12,webcam#44,frame,opencv,1280,720,136.5,139.1,2.6,48.1,0.0233
2026-09-14 18:08:12,webcam#45,frame,opencv,1280,720,136.5,139.1,2.6,0.0,0.024
2026-09-14 18:08:12,webcam#46,frame,opencv,1280,720,136.5,139.1,2.6,48.5,0.0248
2026-09-14 18:08:12,webcam#47,frame,opencv,1280,720,136.5,139.1,2.6,0.0,0.0415
2026-09-14 18:08:12,webcam#48,frame,opencv,1280,720,136.5,139.1,2.6,50.9,0.0235
2026-09-14 18:08:12,webcam#49,frame,opencv,1280,720,136.5,139.1,2.6,47.5,0.0253
2026-09-14 18:08:12,webcam#50,frame,opencv,1280,720,136.5,139.1,2.6,147.9,0.0243
2026-09-14 18:08:12,webcam#51,frame,opencv,1280,720,136.5,139.1,2.6,224.8,0.027
2026-09-14 18:08:12,webcam#52,frame,opencv,1280,720,136.5,139.1,2.6,51.6,0.022
2026-09-14 18:08:13,webcam#53,frame,opencv,1280,720,136.5,139.1,2.6,0.0,0.0257
2026-09-14 18:08:13,webcam#54,frame,opencv,1280,720,136.5,139.1,2.6,0.0,0.0232
2026-09-14 18:08:13,webcam#55,frame,opencv,1280,720,136.5,139.1,2.6,0.0,0.0257
2026-09-14 18:08:13,webcam#56,frame,opencv,1280,720,136.5,139.1,2.6,0.0,0.0235
2026-09-14 18:08:13,webcam#57,frame,opencv,1280,720,136.5,139.1,2.6,0.0,0.0486
2026-09-14 18:08:13,webcam#58,frame,opencv,1280,720,136.5,139.1,2.6,148.3,0.0026
2026-09-14 18:08:13,webcam#59,frame,opencv,1280,720,136.5,139.1,2.6,0.0,0.0232
2026-09-14 18:08:13,webcam#60,frame,opencv,1280,720,136.5,142.8,6.3,0.0,0.0736
2026-09-14 18:08:13,webcam#61,frame,opencv,1280,720,140.2,146.4,6.2,135.1,0.003
2026-09-14 18:08:13,webcam#62,frame,opencv,1280,720,143.8,146.4,2.6,0.0,0.0141
2026-09-14 18:08:13,webcam#63,frame,opencv,1280,720,143.8,146.4,2.6,51.0,0.0229
2026-09-14 18:08:13,webcam#64,frame,opencv,1280,720,143.8,146.4,2.6,49.8,0.024
2026-09-14 18:08:13,webcam#65,frame,opencv,1280,720,143.8,146.4,2.6,35.6,0.0365
2026-09-14 18:08:13,webcam#66,frame,opencv,1280,720,143.8,146.4,2.6,0.0,0.014
2026-09-14 18:08:13,webcam#67,frame,opencv,1280,720,143.8,146.4,2.6,50.0,0.0238
2026-09-14 18:08:13,webcam#68,frame,opencv,1280,720,143.8,146.4,2.6,44.5,0.0278
2026-09-14 18:08:13,webcam#69,frame,opencv,1280,720,143.8,146.4,2.6,53.8,0.0222
2026-09-14 18:08:13,webcam#70,frame,opencv,1280,720,143.8,146.4,2.6,49.6,0.024
2026-09-14 18:08:13,webcam#71,frame,opencv,1280,720,143.8,146.4,2.6,179.5,0.0279
2026-09-14 18:08:13,webcam#72,frame,opencv,1280,720,143.8,146.4,2.6,0.0,0.0548
2026-09-14 18:08:13,webcam#73,frame,opencv,1280,720,143.8,146.4,2.6,96.5,0.042
2026-09-14 18:08:13,webcam#74,frame,opencv,1280,720,143.8,146.4,2.6,143.0,0.0251
2026-09-14 18:08:13,webcam#75,frame,opencv,1280,720,143.8,146.4,2.6,0.0,0.0027
2026-09-14 18:08:13,webcam#76,frame,opencv,1280,720,143.8,146.4,2.6,294.5,0.0142
2026-09-14 18:08:13,webcam#77,frame,opencv,1280,720,143.8,146.4,2.6,0.0,0.04
2026-09-14 18:08:13,webcam#78,frame,opencv,1280,720,143.8,146.4,2.6,0.0,0.0083
2026-09-14 18:08:13,webcam#79,frame,opencv,1280,720,143.8,146.4,2.6,0.0,0.0245
2026-09-14 18:08:13,webcam#80,frame,opencv,1280,720,143.8,146.4,2.6,0.0,0.0248
2026-09-14 18:08:13,webcam#81,frame,opencv,1280,720,143.8,146.4,2.6,45.7,0.0271
2026-09-14 18:08:13,webcam#82,frame,opencv,1280,720,143.8,146.4,2.6,0.0,0.0237
2026-09-14 18:08:14,webcam#83,frame,opencv,1280,720,143.8,146.4,2.6,0.0,0.0252
2026-09-14 18:08:14,webcam#84,frame,opencv,1280,720,143.8,146.4,2.6,24.2,0.0583
2026-09-14 18:08:14,webcam#85,frame,opencv,1280,720,143.8,146.4,2.6,0.0,0.0231
2026-09-14 18:08:14,webcam#86,frame,opencv,1280,720,143.8,146.4,2.6,49.2,0.0241
2026-09-14 18:08:14,webcam#87,frame,opencv,1280,720,143.8,146.4,2.6,32.5,0.0415
2026-09-14 18:08:14,webcam#88,frame,opencv,1280,720,143.8,146.4,2.6,0.0,0.0251
2026-09-14 18:08:14,webcam#89,frame,opencv,1280,720,143.8,146.4,2.6,337.2,0.0028
2026-09-14 18:08:14,webcam#90,frame,opencv,1280,720,143.8,146.4,2.6,0.0,0.0151
2026-09-14 18:08:14,webcam#91,frame,opencv,1280,720,143.8,146.4,2.6,198.9,0.0245
2026-09-14 18:08:14,webcam#92,frame,opencv,1280,720,143.8,146.4,2.6,437.4,0.0256
2026-09-14 18:08:14,webcam#93,frame,opencv,1280,720,143.8,146.4,2.6,45.5,0.0277
2026-09-14 18:08:14,webcam#94,frame,opencv,1280,720,143.8,146.4,2.6,48.9,0.0236
2026-09-14 18:08:14,webcam#95,frame,opencv,1280,720,143.8,146.4,2.6,51.7,0.0226
2026-09-14 18:08:14,webcam#96,frame,opencv,1280,720,143.8,146.4,2.6,0.0,0.0593
2026-09-14 18:08:14,webcam#97,frame,opencv,1280,720,143.8,146.4,2.6,51.1,0.0232
2026-09-14 18:08:14,webcam#98,frame,opencv,1280,720,143.8,146.4,2.6,0.0,0.0246
2026-09-14 18:08:14,webcam#99,frame,opencv,1280,720,143.8,146.4,2.6,48.9,0.0252
2026-09-14 18:08:14,webcam#100,frame,opencv,1280,720,143.8,146.4,2.6,0.0,0.0406
2026-09-14 18:08:14,webcam#101,frame,opencv,1280,720,143.8,146.4,2.6,0.0,0.0252
2026-09-14 18:08:14,webcam#102,frame,opencv,1280,720,143.8,146.4,2.6,154.9,0.0028
2026-09-14 18:08:14,webcam#103,frame,opencv,1280,720,143.8,146.4,2.6,70.5,0.0153
2026-09-14 18:08:14,webcam#104,frame,opencv,1280,720,143.8,146.4,2.6,0.0,0.0266
2026-09-14 18:08:14,webcam#105,frame,opencv,1280,720,143.8,146.4,2.6,0.0,0.0237
2026-09-14 18:08:14,webcam#106,frame,opencv,1280,720,143.8,146.4,2.6,49.9,0.0241
2026-09-14 18:08:14,webcam#107,frame,opencv,1280,720,143.8,146.4,2.6,47.5,0.0261
2026-09-14 18:08:14,webcam#108,frame,opencv,1280,720,143.8,146.4,2.6,24.7,0.056
2026-09-14 18:08:14,webcam#109,frame,opencv,1280,720,143.8,146.4,2.6,94.9,0.0264
2026-09-14 18:08:14,webcam#110,frame,opencv,1280,720,143.8,146.4,2.6,0.0,0.0251
2026-09-14 18:08:14,webcam#111,frame,opencv,1280,720,143.8,146.4,2.6,0.0,0.0229
2026-09-14 18:08:15,webcam#112,frame,opencv,1280,720,143.8,146.4,2.6,0.0,0.0256
2026-09-14 18:08:15,webcam#113,frame,opencv,1280,720,143.8,146.4,2.6,0.0,0.0245
2026-09-14 18:08:15,webcam#114,frame,opencv,1280,720,143.8,146.5,2.7,32.7,0.0396
2026-09-14 18:08:15,webcam#115,frame,opencv,1280,720,143.8,146.5,2.7,0.0,0.0247
2026-09-14 18:08:15,webcam#116,frame,opencv,1280,720,143.8,146.5,2.7,0.0,0.0022
2026-09-14 18:08:15,webcam#117,frame,opencv,1280,720,143.8,146.5,2.7,134.8,0.0154
2026-09-14 18:08:15,webcam#118,frame,opencv,1280,720,143.8,146.5,2.7,0.0,0.0247
2026-09-14 18:08:15,webcam#119,frame,opencv,1280,720,143.8,146.5,2.7,0.0,0.0256
2026-09-14 18:08:15,webcam#120,frame,opencv,1280,720,143.8,146.5,2.7,0.0,0.0565
2026-09-14 18:08:15,webcam#121,frame,opencv,1280,720,143.8,146.5,2.7,0.0,0.0247
2026-09-14 18:08:15,webcam#122,frame,opencv,1280,720,143.8,146.5,2.7,0.0,0.0256
2026-09-14 18:08:15,webcam#123,frame,opencv,1280,720,143.8,146.5,2.7,50.1,0.0245
2026-09-14 18:08:15,webcam#124,frame,opencv,1280,720,143.8,146.5,2.7,0.0,0.026
2026-09-14 18:08:15,webcam#125,frame,opencv,1280,720,143.8,146.5,2.7,49.0,0.0252
2026-09-14 18:08:15,webcam#126,frame,opencv,1280,720,143.8,146.5,2.7,47.4,0.0264
2026-09-14 18:08:15,webcam#127,frame,opencv,1280,720,143.8,146.5,2.7,50.6,0.0244
2026-09-14 18:08:15,webcam#128,frame,opencv,1280,720,143.8,146.5,2.7,32.7,0.0412
2026-09-14 18:08:15,webcam#129,frame,opencv,1280,720,143.8,146.5,2.7,0.0,0.0254
2026-09-14 18:08:15,webcam#130,frame,opencv,1280,720,143.8,146.5,2.7,890.8,0.002
2026-09-14 18:08:15,webcam#131,frame,opencv,1280,720,143.8,146.5,2.7,399.3,0.0167
2026-09-14 18:08:15,webcam#132,frame,opencv,1280,720,143.8,146.5,2.7,0.0,0.0578
2026-09-14 18:08:15,webcam#133,frame,opencv,1280,720,143.8,146.5,2.7,49.3,0.0252
2026-09-14 18:08:15,webcam#134,frame,opencv,1280,720,143.8,146.5,2.7,46.7,0.0267
2026-09-14 18:08:15,webcam#135,frame,opencv,1280,720,143.8,146.5,2.7,52.6,0.0228
2026-09-14 18:08:15,webcam#136,frame,opencv,1280,720,143.8,146.5,2.7,49.3,0.0249
2026-09-14 18:08:15,webcam#137,frame,opencv,1280,720,143.8,146.5,2.7,46.8,0.0268
2026-09-14 18:08:15,webcam#138,frame,opencv,1280,720,143.8,146.5,2.7,0.0,0.0246
2026-09-14 18:08:15,webcam#139,frame,opencv,1280,720,143.8,146.5,2.7,48.9,0.0245
2026-09-14 18:08:15,webcam#140,frame,opencv,1280,720,143.8,146.5,2.7,0.0,0.0267
2026-09-14 18:08:15,webcam#141,frame,opencv,1280,720,143.8,146.5,2.7,0.0,0.0256
2026-09-14 18:08:16,webcam#142,frame,opencv,1280,720,143.8,146.5,2.7,0.0,0.04
2026-09-14 18:08:16,webcam#143,frame,opencv,1280,720,143.8,146.5,2.7,50.2,0.0243
2026-09-14 18:08:16,webcam#144,frame,opencv,1280,720,143.8,146.5,2.7,48.5,0.0256
2026-09-14 18:08:16,webcam#145,frame,opencv,1280,720,143.8,146.5,2.7,0.0,0.0263
2026-09-14 18:08:16,webcam#146,frame,opencv,1280,720,143.8,146.5,2.7,49.9,0.0237
2026-09-14 18:08:16,webcam#147,frame,opencv,1280,720,143.8,146.5,2.7,48.9,0.0251
2026-09-14 18:08:16,webcam#148,frame,opencv,1280,720,143.8,146.5,2.7,0.0,0.0252
2026-09-14 18:08:16,webcam#149,frame,opencv,1280,720,143.9,146.5,2.6,0.0,0.0253
2026-09-14 18:08:16,webcam#150,frame,opencv,1280,720,143.9,146.5,2.6,199.0,0.0247
2026-09-14 18:08:16,webcam#151,frame,opencv,1280,720,143.9,146.5,2.6,435.0,0.0257
2026-09-14 18:08:16,webcam#152,frame,opencv,1280,720,143.9,146.5,2.6,0.0,0.0251
2026-09-14 18:08:16,webcam#153,frame,opencv,1280,720,143.9,146.5,2.6,0.0,0.0246
2026-09-14 18:08:16,webcam#154,frame,opencv,1280,720,143.9,146.5,2.6,49.4,0.0248
2026-09-14 18:08:16,webcam#155,frame,opencv,1280,720,143.9,146.5,2.6,32.5,0.038
2026-09-14 18:08:16,webcam#156,frame,opencv,1280,720,143.9,146.5,2.6,0.0,0.0243
2026-09-14 18:08:16,webcam#157,frame,opencv,1280,720,143.9,146.5,2.6,0.0,0.0227
2026-09-14 18:08:16,webcam#158,frame,opencv,1280,720,143.9,146.5,2.6,98.2,0.0212
2026-09-14 18:08:16,webcam#159,frame,opencv,1280,720,143.9,146.5,2.6,0.0,0.024
2026-09-14 18:08:16,webcam#160,frame,opencv,1280,720,143.9,146.5,2.6,0.0,0.0207
2026-09-14 18:08:16,webcam#161,frame,opencv,1280,720,143.9,146.5,2.6,53.7,0.0217
2026-09-14 18:08:16,webcam#162,frame,opencv,1280,720,143.9,146.5,2.6,0.0,0.0186
2026-09-14 18:08:16,webcam#163,frame,opencv,1280,720,143.9,146.5,2.6,0.0,0.0218
2026-09-14 18:08:16,webcam#164,frame,opencv,1280,720,143.9,146.5,2.6,49.9,0.0232
2026-09-14 18:08:16,webcam#165,frame,opencv,1280,720,143.9,146.5,2.6,0.0,0.0255
2026-09-14 18:08:16,webcam#166,frame,opencv,1280,720,143.9,146.5,2.6,48.9,0.0237
2026-09-14 18:08:16,webcam#167,frame,opencv,1280,720,143.9,146.5,2.6,50.9,0.023
2026-09-14 18:08:16,webcam#168,frame,opencv,1280,720,143.9,146.5,2.6,226.7,0.0268
2026-09-14 18:08:16,webcam#169,frame,opencv,1280,720,143.9,146.5,2.6,0.0,0.0374
2026-09-14 18:08:16,webcam#170,frame,opencv,1280,720,143.9,146.5,2.6,238.9,0.0242
2026-09-14 18:08:16,webcam#171,frame,opencv,1280,720,143.9,146.5,2.6,299.2,0.0237
2026-09-14 18:08:17,webcam#172,frame,opencv,1280,720,143.9,146.5,2.6,0.0,0.0257
2026-09-14 18:08:17,webcam#173,frame,opencv,1280,720,143.9,146.5,2.6,0.0,0.0234
2026-09-14 18:08:17,webcam#174,frame,opencv,1280,720,143.9,146.5,2.6,48.1,0.0225
2026-09-14 18:08:17,webcam#175,frame,opencv,1280,720,143.9,146.5,2.6,0.0,0.0232
2026-09-14 18:08:17,webcam#176,frame,opencv,1280,720,143.9,146.5,2.6,98.9,0.0217
2026-09-14 18:08:17,webcam#177,frame,opencv,1280,720,143.9,146.5,2.6,96.5,0.0219
2026-09-14 18:08:17,webcam#178,frame,opencv,1280,720,143.9,146.5,2.6,48.4,0.0251
2026-09-14 18:08:17,webcam#179,frame,opencv,1280,720,143.9,146.5,2.6,95.4,0.0254
2026-09-14 18:08:17,webcam#180,frame,opencv,1280,720,143.9,146.5,2.6,101.3,0.0235
2026-09-14 18:08:17,webcam#181,frame,opencv,1280,720,143.9,146.5,2.6,48.3,0.024
2026-09-14 18:08:17,webcam#182,frame,opencv,1280,720,143.9,146.5,2.6,49.5,0.0205
2026-09-14 18:08:17,webcam#183,frame,opencv,1280,720,143.9,146.5,2.6,0.0,0.0416
2026-09-14 18:08:17,webcam#184,frame,opencv,1280,720,143.9,146.5,2.6,49.5,0.0237
2026-09-14 18:08:17,webcam#185,frame,opencv,1280,720,143.9,146.5,2.6,46.5,0.0268
2026-09-14 18:08:17,webcam#186,frame,opencv,1280,720,143.9,146.5,2.6,243.4,0.015
2026-09-14 18:08:17,webcam#187,frame,opencv,1280,720,143.9,146.5,2.6,208.8,0.0201
2026-09-14 18:08:17,webcam#188,frame,opencv,1280,720,143.9,146.5,2.6,47.4,0.0251
2026-09-14 18:08:17,webcam#189,frame,opencv,1280,720,143.9,146.5,2.6,629.0,0.0233
2026-09-14 18:08:17,webcam#190,frame,opencv,1280,720,143.9,146.5,2.6,250.5,0.0215
2026-09-14 18:08:17,webcam#191,frame,opencv,1280,720,143.9,146.5,2.6,0.0,0.0213
2026-09-14 18:08:17,webcam#192,frame,opencv,1280,720,143.9,146.5,2.6,0.0,0.0212
2026-09-14 18:08:17,webcam#193,frame,opencv,1280,720,143.9,146.5,2.6,48.5,0.0255
2026-09-14 18:08:17,webcam#194,frame,opencv,1280,720,143.9,146.5,2.6,0.0,0.0252
2026-09-14 18:08:17,webcam#195,frame,opencv,1280,720,143.9,146.5,2.6,50.6,0.0202
2026-09-14 18:08:17,webcam#196,frame,opencv,1280,720,143.9,146.5,2.6,0.0,0.0409
2026-09-14 18:08:17,webcam#197,frame,opencv,1280,720,143.9,146.5,2.6,143.1,0.025
2026-09-14 18:08:17,webcam#198,frame,opencv,1280,720,143.9,146.5,2.6,47.6,0.0244
2026-09-14 18:08:17,webcam#199,frame,opencv,1280,720,143.9,146.5,2.6,100.3,0.0246
2026-09-14 18:11:18,webcam#0,frame,opencv,640,480,126.1,121.2,-4.9,0.0,0.5465
2026-09-14 18:11:18,webcam#1,frame,opencv,640,480,121.2,124.2,3.0,0.0,0.0107
2026-09-14 18:11:18,webcam#2,frame,opencv,640,480,124.2,124.2,0.0,0.0,0.0306
2026-09-14 18:11:19,webcam#3,frame,opencv,640,480,123.3,124.2,0.9,0.0,0.0309
2026-09-14 18:11:19,webcam#4,frame,opencv,640,480,124.2,124.2,0.0,0.0,0.0325
2026-09-14 18:11:19,webcam#5,frame,opencv,640,480,124.2,124.2,0.0,0.0,0.0483
2026-09-14 18:11:19,webcam#6,frame,opencv,640,480,124.2,124.2,0.0,50.0,0.0311
2026-09-14 18:11:19,webcam#7,frame,opencv,640,480,124.2,124.2,0.0,44.0,0.0353
2026-09-14 18:11:19,webcam#8,frame,opencv,640,480,124.2,124.2,0.0,0.0,0.0281
2026-09-14 18:11:19,webcam#9,frame,opencv,640,480,124.2,124.2,0.0,97.3,0.032
2026-09-14 18:11:19,webcam#10,frame,opencv,640,480,124.2,124.2,0.0,49.6,0.0314
2026-09-14 18:11:19,webcam#11,frame,opencv,640,480,124.2,124.2,0.0,0.0,0.0328
2026-09-14 18:11:19,webcam#12,frame,opencv,640,480,124.2,124.2,0.0,0.0,0.0312
2026-09-14 18:11:19,webcam#13,frame,opencv,640,480,124.2,124.2,0.0,46.5,0.0334
2026-09-14 18:11:19,webcam#14,frame,opencv,640,480,124.2,124.2,0.0,0.0,0.0307
2026-09-14 18:11:19,webcam#15,frame,opencv,640,480,124.2,124.2,0.0,0.0,0.033
2026-09-14 18:11:19,webcam#16,frame,opencv,640,480,124.2,124.2,0.0,0.0,0.0305
2026-09-14 18:11:19,webcam#17,frame,opencv,640,480,124.2,124.2,0.0,0.0,0.0319
2026-09-14 18:11:19,webcam#18,frame,opencv,640,480,124.2,124.2,0.0,46.7,0.0333
2026-09-14 18:11:19,webcam#19,frame,opencv,640,480,124.2,124.2,0.0,0.0,0.0464
2026-09-14 18:11:19,webcam#20,frame,opencv,640,480,124.2,124.2,0.0,48.7,0.032
2026-09-14 18:11:19,webcam#21,frame,opencv,640,480,124.2,124.2,0.0,0.0,0.0329
2026-09-14 18:11:19,webcam#22,frame,opencv,640,480,124.2,124.2,0.0,0.0,0.0309
2026-09-14 18:11:19,webcam#23,frame,opencv,640,480,124.2,124.2,0.0,0.0,0.0326
2026-09-14 18:11:19,webcam#24,frame,opencv,640,480,124.2,124.2,0.0,0.0,0.0309
2026-09-14 18:11:19,webcam#25,frame,opencv,640,480,124.2,124.2,0.0,0.0,0.0334
2026-09-14 18:11:19,webcam#26,frame,opencv,640,480,124.2,124.2,0.0,0.0,0.031
2026-09-14 18:11:19,webcam#27,frame,opencv,640,480,124.2,124.2,0.0,48.8,0.0319
2026-09-14 18:11:19,webcam#28,frame,opencv,640,480,124.2,124.2,0.0,0.0,0.032
2026-09-14 18:11:19,webcam#29,frame,opencv,640,480,124.2,124.2,0.0,50.2,0.031
2026-09-14 18:11:19,webcam#30,frame,opencv,640,480,124.2,124.2,0.0,0.0,0.0318
2026-09-14 18:11:19,webcam#31,frame,opencv,640,480,124.2,124.2,0.0,0.0,0.0336
2026-09-14 18:11:19,webcam#32,frame,opencv,640,480,124.2,124.2,0.0,48.8,0.0319
2026-09-14 18:11:20,webcam#33,frame,opencv,640,480,124.2,124.2,0.0,0.0,0.0459
2026-09-14 18:11:20,webcam#34,frame,opencv,640,480,124.2,124.2,0.0,49.2,0.0317
2026-09-14 18:11:20,webcam#35,frame,opencv,640,480,124.2,124.2,0.0,47.0,0.0331
2026-09-14 18:11:20,webcam#36,frame,opencv,640,480,124.2,124.2,0.0,50.0,0.0311
2026-09-14 18:11:20,webcam#37,frame,opencv,640,480,124.2,124.2,0.0,47.2,0.033
2026-09-14 18:11:20,webcam#38,frame,opencv,640,480,124.2,124.2,0.0,50.4,0.0308
2026-09-14 18:11:20,webcam#39,frame,opencv,640,480,124.2,124.2,0.0,95.7,0.0325
2026-09-14 18:11:20,webcam#40,frame,opencv,640,480,124.2,124.2,0.0,96.8,0.0321
2026-09-14 18:11:20,webcam#41,frame,opencv,640,480,124.2,124.2,0.0,0.0,0.0318
2026-09-14 18:11:20,webcam#42,frame,opencv,640,480,124.2,124.2,0.0,0.0,0.0312
2026-09-14 18:11:20,webcam#43,frame,opencv,640,480,124.2,124.2,0.0,0.0,0.0311
2026-09-14 18:11:20,webcam#44,frame,opencv,640,480,124.2,124.2,0.0,0.0,0.0319
2026-09-14 18:11:20,webcam#45,frame,opencv,640,480,124.2,124.2,0.0,0.0,0.0325
2026-09-14 18:11:20,webcam#46,frame,opencv,640,480,124.2,124.2,0.0,32.8,0.0475
2026-09-14 18:11:20,webcam#47,frame,opencv,640,480,124.2,124.2,0.0,46.9,0.0331
2026-09-14 18:11:20,webcam#48,frame,opencv,640,480,124.2,124.2,0.0,49.5,0.0314
2026-09-14 18:11:20,webcam#49,frame,opencv,640,480,124.2,124.2,0.0,50.3,0.0309
2026-09-14 18:11:20,webcam#50,frame,opencv,640,480,124.2,124.2,0.0,48.9,0.0318
2026-09-14 18:11:20,webcam#51,frame,opencv,640,480,124.2,124.2,0.0,47.5,0.0328
2026-09-14 18:11:20,webcam#52,frame,opencv,640,480,124.2,124.2,0.0,50.1,0.031
2026-09-14 18:11:20,webcam#53,frame,opencv,640,480,124.2,124.2,0.0,48.3,0.0322
2026-09-14 18:11:20,webcam#54,frame,opencv,640,480,124.2,124.2,0.0,48.4,0.0321
2026-09-14 18:11:20,webcam#55,frame,opencv,640,480,124.2,124.2,0.0,49.2,0.0316
2026-09-14 18:11:20,webcam#56,frame,opencv,640,480,124.2,124.2,0.0,0.0,0.032
2026-09-14 18:11:20,webcam#57,frame,opencv,640,480,124.2,124.2,0.0,47.9,0.0325
2026-09-14 18:11:20,webcam#58,frame,opencv,640,480,124.2,124.2,0.0,0.0,0.0324
2026-09-14 18:11:20,webcam#59,frame,opencv,640,480,124.2,124.2,0.0,0.0,0.0298
2026-09-14 18:11:20,webcam#60,frame,opencv,640,480,124.2,124.2,0.0,31.5,0.0495
2026-09-14 18:11:20,webcam#61,frame,opencv,640,480,124.2,124.2,0.0,49.0,0.0317
2026-09-14 18:11:20,webcam#62,frame,opencv,640,480,124.2,124.2,0.0,0.0,0.0305
2026-09-14 18:11:21,webcam#63,frame,opencv,640,480,124.2,124.2,0.0,49.1,0.0317
2026-09-14 18:11:21,webcam#64,frame,opencv,640,480,124.2,124.2,0.0,47.7,0.0327
2026-09-14 18:11:21,webcam#65,frame,opencv,640,480,124.2,124.2,0.0,0.0,0.033
2026-09-14 18:11:21,webcam#66,frame,opencv,640,480,124.2,124.2,0.0,49.4,0.0315
2026-09-14 18:11:21,webcam#67,frame,opencv,640,480,124.3,124.3,0.0,50.5,0.0308
2026-09-14 18:11:21,webcam#68,frame,opencv,640,480,124.3,124.3,0.0,47.9,0.0325
2026-09-14 18:11:21,webcam#69,frame,opencv,640,480,124.3,124.3,0.0,48.8,0.0319
2026-09-14 18:11:21,webcam#70,frame,opencv,640,480,124.3,124.3,0.0,0.0,0.0313
2026-09-14 18:11:21,webcam#71,frame,opencv,640,480,124.3,124.3,0.0,0.0,0.0326
2026-09-14 18:11:21,webcam#72,frame,opencv,640,480,124.3,124.3,0.0,0.0,0.0332
2026-09-14 18:11:21,webcam#73,frame,opencv,640,480,124.3,124.3,0.0,20.1,0.0777
2026-09-14 18:11:21,webcam#74,frame,opencv,640,480,124.3,125.4,1.1,92.7,0.0335
2026-09-14 18:11:21,webcam#75,frame,opencv,640,480,125.4,126.6,1.2,0.0,0.002
2026-09-14 18:11:21,webcam#76,frame,opencv,640,480,126.6,126.6,0.0,55.8,0.0278
2026-09-14 18:11:21,webcam#77,frame,opencv,640,480,126.6,126.6,0.0,49.0,0.0317
2026-09-14 18:11:21,webcam#78,frame,opencv,640,480,126.6,126.6,0.0,49.1,0.0317
2026-09-14 18:11:21,webcam#79,frame,opencv,640,480,126.6,126.6,0.0,0.0,0.033
2026-09-14 18:11:21,webcam#80,frame,opencv,640,480,126.6,126.6,0.0,48.9,0.0318
2026-09-14 18:11:21,webcam#81,frame,opencv,640,480,126.6,126.6,0.0,49.3,0.0316
2026-09-14 18:11:21,webcam#82,frame,opencv,640,480,126.6,126.6,0.0,0.0,0.0319
2026-09-14 18:11:21,webcam#83,frame,opencv,640,480,126.6,126.6,0.0,49.9,0.0312
2026-09-14 18:11:21,webcam#84,frame,opencv,640,480,126.6,126.6,0.0,48.3,0.0322
2026-09-14 18:11:21,webcam#85,frame,opencv,640,480,126.6,126.6,0.0,0.0,0.0644
2026-09-14 18:11:21,webcam#86,frame,opencv,640,480,126.6,126.6,0.0,47.4,0.0327
2026-09-14 18:11:21,webcam#87,frame,opencv,640,480,126.6,126.6,0.0,0.0,0.0467
2026-09-14 18:11:21,webcam#88,frame,opencv,640,480,126.6,126.6,0.0,0.0,0.0019
2026-09-14 18:11:21,webcam#89,frame,opencv,640,480,126.6,126.6,0.0,53.6,0.029
2026-09-14 18:11:21,webcam#90,frame,opencv,640,480,126.6,126.6,0.0,48.1,0.0323
2026-09-14 18:11:21,webcam#91,frame,opencv,640,480,126.6,126.6,0.0,49.1,0.0317
2026-09-14 18:11:21,webcam#92,frame,opencv,640,480,126.6,126.6,0.0,47.1,0.0331
2026-09-14 18:11:21,webcam#93,frame,opencv,640,480,126.6,126.6,0.0,50.2,0.031
2026-09-14 18:11:22,webcam#94,frame,opencv,640,480,126.6,126.6,0.0,50.3,0.031
2026-09-14 18:11:22,webcam#95,frame,opencv,640,480,126.6,126.6,0.0,93.9,0.0331
2026-09-14 18:11:22,webcam#96,frame,opencv,640,480,126.6,126.6,0.0,50.0,0.031
2026-09-14 18:11:22,webcam#97,frame,opencv,640,480,126.7,126.7,0.0,23.1,0.0674
2026-09-14 18:11:22,webcam#98,frame,opencv,640,480,126.7,126.7,0.0,54.3,0.0286
2026-09-14 18:11:22,webcam#99,frame,opencv,640,480,126.7,126.7,0.0,0.0,0.0315
2026-09-14 18:11:33,webcam#0,frame,opencv,1280,720,153.9,161.5,7.6,5.8,0.5373
2026-09-14 18:11:33,webcam#1,frame,opencv,1280,720,161.5,171.3,9.8,90.3,0.0171
2026-09-14 18:11:33,webcam#2,frame,opencv,1280,720,168.7,171.3,2.6,0.0,0.0286
2026-09-14 18:11:33,webcam#3,frame,opencv,1280,720,168.7,171.3,2.6,0.0,0.0314
2026-09-14 18:11:33,webcam#4,frame,opencv,1280,720,168.7,171.3,2.6,0.0,0.0323
2026-09-14 18:11:33,webcam#5,frame,opencv,1280,720,168.7,171.4,2.7,0.0,0.0316
2026-09-14 18:11:33,webcam#6,frame,opencv,1280,720,168.7,171.4,2.7,66.7,0.0464
2026-09-14 18:11:33,webcam#7,frame,opencv,1280,720,168.7,171.4,2.7,0.0,0.0332
2026-09-14 18:11:33,webcam#8,frame,opencv,1280,720,168.7,171.4,2.7,0.0,0.0292
2026-09-14 18:11:33,webcam#9,frame,opencv,1280,720,168.7,171.4,2.7,0.0,0.0327
2026-09-14 18:11:33,webcam#10,frame,opencv,1280,720,168.7,171.4,2.7,0.0,0.0302
2026-09-14 18:11:33,webcam#11,frame,opencv,1280,720,168.7,171.4,2.7,192.5,0.0321
2026-09-14 18:11:33,webcam#12,frame,opencv,1280,720,168.7,171.4,2.7,47.0,0.0322
2026-09-14 18:11:33,webcam#13,frame,opencv,1280,720,168.7,171.4,2.7,0.0,0.031
2026-09-14 18:11:33,webcam#14,frame,opencv,1280,720,168.7,171.4,2.7,49.1,0.0313
2026-09-14 18:11:33,webcam#15,frame,opencv,1280,720,168.7,171.4,2.7,48.4,0.0319
2026-09-14 18:11:33,webcam#16,frame,opencv,1280,720,168.7,171.4,2.7,0.0,0.0299
2026-09-14 18:11:33,webcam#17,frame,opencv,1280,720,168.7,171.4,2.7,0.0,0.0313
2026-09-14 18:11:33,webcam#18,frame,opencv,1280,720,168.7,171.4,2.7,0.0,0.0306
2026-09-14 18:11:33,webcam#19,frame,opencv,1280,720,168.7,171.4,2.7,46.9,0.0329
2026-09-14 18:11:33,webcam#20,frame,opencv,1280,720,168.7,171.4,2.7,0.0,0.0465
2026-09-14 18:11:33,webcam#21,frame,opencv,1280,720,168.7,171.4,2.7,0.0,0.0319
2026-09-14 18:11:33,webcam#22,frame,opencv,1280,720,168.7,171.4,2.7,0.0,0.0321
2026-09-14 18:11:33,webcam#23,frame,opencv,1280,720,168.7,171.4,2.7,0.0,0.0314
2026-09-14 18:11:33,webcam#24,frame,opencv,1280,720,168.7,171.4,2.7,0.0,0.0331
2026-09-14 18:11:33,webcam#25,frame,opencv,1280,720,168.7,171.4,2.7,0.0,0.0301
2026-09-14 18:11:34,webcam#26,frame,opencv,1280,720,168.7,171.4,2.7,0.0,0.03
2026-09-14 18:11:34,webcam#27,frame,opencv,1280,720,168.7,171.4,2.7,0.0,0.0329
2026-09-14 18:11:34,webcam#28,frame,opencv,1280,720,168.7,171.4,2.7,0.0,0.0332
2026-09-14 18:11:34,webcam#29,frame,opencv,1280,720,168.7,171.4,2.7,49.8,0.031
2026-09-14 18:11:34,webcam#30,frame,opencv,1280,720,168.7,171.4,2.7,290.1,0.0318
2026-09-14 18:11:34,webcam#31,frame,opencv,1280,720,168.7,171.4,2.7,0.0,0.031
2026-09-14 18:11:34,webcam#32,frame,opencv,1280,720,168.7,171.4,2.7,301.8,0.0307
2026-09-14 18:11:34,webcam#33,frame,opencv,1280,720,168.7,171.4,2.7,0.0,0.0477
2026-09-14 18:11:34,webcam#34,frame,opencv,1280,720,168.7,171.4,2.7,0.0,0.0316
2026-09-14 18:11:34,webcam#35,frame,opencv,1280,720,168.7,171.4,2.7,47.3,0.0326
2026-09-14 18:11:34,webcam#36,frame,opencv,1280,720,168.7,171.4,2.7,49.5,0.0311
2026-09-14 18:11:34,webcam#37,frame,opencv,1280,720,168.7,171.4,2.7,48.8,0.0316
2026-09-14 18:11:34,webcam#38,frame,opencv,1280,720,168.7,171.4,2.7,47.3,0.0326
2026-09-14 18:11:34,webcam#39,frame,opencv,1280,720,168.7,171.4,2.7,50.0,0.0308
2026-09-14 18:11:34,webcam#40,frame,opencv,1280,720,168.7,171.4,2.7,0.0,0.031
2026-09-14 18:11:34,webcam#41,frame,opencv,1280,720,168.7,171.4,2.7,0.0,0.0326
2026-09-14 18:11:34,webcam#42,frame,opencv,1280,720,168.7,171.4,2.7,0.0,0.0312
2026-09-14 18:11:34,webcam#43,frame,opencv,1280,720,168.7,171.4,2.7,0.0,0.0302
2026-09-14 18:11:34,webcam#44,frame,opencv,1280,720,168.7,171.4,2.7,48.0,0.032
2026-09-14 18:11:34,webcam#45,frame,opencv,1280,720,168.7,171.4,2.7,47.4,0.0325
2026-09-14 18:11:34,webcam#46,frame,opencv,1280,720,168.7,171.4,2.7,49.6,0.0311
2026-09-14 18:11:34,webcam#47,frame,opencv,1280,720,168.7,171.4,2.7,31.9,0.0485
2026-09-14 18:11:34,webcam#48,frame,opencv,1280,720,168.7,171.4,2.7,0.0,0.0302
2026-09-14 18:11:34,webcam#49,frame,opencv,1280,720,168.7,171.4,2.7,0.0,0.0316
2026-09-14 18:11:34,webcam#50,frame,opencv,1280,720,168.7,171.4,2.7,0.0,0.0312
2026-09-14 18:11:34,webcam#51,frame,opencv,1280,720,168.7,171.4,2.7,0.0,0.0318
2026-09-14 18:11:34,webcam#52,frame,opencv,1280,720,168.7,171.4,2.7,0.0,0.0326
2026-09-14 18:11:34,webcam#53,frame,opencv,1280,720,168.7,171.4,2.7,0.0,0.0307
2026-09-14 18:11:34,webcam#54,frame,opencv,1280,720,168.7,171.4,2.7,0.0,0.0324
2026-09-14 18:11:34,webcam#55,frame,opencv,1280,720,168.7,171.4,2.7,49.7,0.0311
2026-09-14 18:11:34,webcam#56,frame,opencv,1280,720,168.7,171.4,2.7,49.0,0.0314
2026-09-14 18:11:35,webcam#57,frame,opencv,1280,720,168.7,171.4,2.7,49.7,0.031
2026-09-14 18:11:35,webcam#58,frame,opencv,1280,720,168.7,171.4,2.7,48.7,0.0316
2026-09-14 18:11:35,webcam#59,frame,opencv,1280,720,168.7,171.4,2.7,48.2,0.032
2026-09-14 18:11:35,webcam#60,frame,opencv,1280,720,168.7,171.4,2.7,47.1,0.0328
2026-09-14 18:11:35,webcam#61,frame,opencv,1280,720,168.7,175.0,6.3,0.0,0.078
2026-09-14 18:11:35,webcam#62,frame,opencv,1280,720,172.4,178.6,6.2,0.0,0.0031
2026-09-14 18:11:35,webcam#63,frame,opencv,1280,720,175.9,178.6,2.7,52.3,0.0295
2026-09-14 18:11:35,webcam#64,frame,opencv,1280,720,175.9,178.6,2.7,0.0,0.0298
2026-09-14 18:11:35,webcam#65,frame,opencv,1280,720,175.9,178.6,2.7,0.0,0.0323
2026-09-14 18:11:35,webcam#66,frame,opencv,1280,720,175.9,178.6,2.7,49.4,0.0313
2026-09-14 18:11:35,webcam#67,frame,opencv,1280,720,175.9,178.6,2.7,48.8,0.0316
2026-09-14 18:11:35,webcam#68,frame,opencv,1280,720,175.9,178.6,2.7,49.9,0.0309
2026-09-14 18:11:35,webcam#69,frame,opencv,1280,720,175.9,178.6,2.7,0.0,0.0316
2026-09-14 18:11:35,webcam#70,frame,opencv,1280,720,175.9,178.6,2.7,48.6,0.0317
2026-09-14 18:11:35,webcam#71,frame,opencv,1280,720,175.9,178.6,2.7,0.0,0.0321
2026-09-14 18:11:35,webcam#72,frame,opencv,1280,720,175.9,178.6,2.7,0.0,0.0319
2026-09-14 18:11:35,webcam#73,frame,opencv,1280,720,175.9,178.6,2.7,0.0,0.0623
2026-09-14 18:11:35,webcam#74,frame,opencv,1280,720,175.9,178.6,2.7,32.2,0.0482
2026-09-14 18:11:35,webcam#75,frame,opencv,1280,720,175.9,178.6,2.7,0.0,0.0029
2026-09-14 18:11:35,webcam#76,frame,opencv,1280,720,175.9,178.6,2.7,0.0,0.0289
2026-09-14 18:11:35,webcam#77,frame,opencv,1280,720,175.9,178.6,2.7,52.1,0.0295
2026-09-14 18:11:35,webcam#78,frame,opencv,1280,720,175.9,178.6,2.7,46.4,0.0332
2026-09-14 18:11:35,webcam#79,frame,opencv,1280,720,175.9,178.6,2.7,0.0,0.0312
2026-09-14 18:11:35,webcam#80,frame,opencv,1280,720,175.9,178.6,2.7,0.0,0.0306
2026-09-14 18:11:35,webcam#81,frame,opencv,1280,720,175.9,178.6,2.7,47.2,0.0326
2026-09-14 18:11:35,webcam#82,frame,opencv,1280,720,175.9,178.6,2.7,0.0,0.0301
2026-09-14 18:11:35,webcam#83,frame,opencv,1280,720,175.9,178.6,2.7,0.0,0.0325
2026-09-14 18:11:35,webcam#84,frame,opencv,1280,720,175.9,178.6,2.7,47.7,0.0322
2026-09-14 18:11:35,webcam#85,frame,opencv,1280,720,175.9,178.6,2.7,0.0,0.0631
2026-09-14 18:11:36,webcam#86,frame,opencv,1280,720,175.9,178.6,2.7,49.2,0.0311
2026-09-14 18:11:36,webcam#87,frame,opencv,1280,720,175.9,178.6,2.7,32.9,0.0471
2026-09-14 18:11:36,webcam#88,frame,opencv,1280,720,175.9,178.6,2.7,0.0,0.0309
2026-09-14 18:11:36,webcam#89,frame,opencv,1280,720,175.9,178.6,2.7,0.0,0.0027
2026-09-14 18:11:36,webcam#90,frame,opencv,1280,720,175.9,178.6,2.7,0.0,0.0297
2026-09-14 18:11:36,webcam#91,frame,opencv,1280,720,175.9,178.6,2.7,194.6,0.0317
2026-09-14 18:11:36,webcam#92,frame,opencv,1280,720,175.9,178.6,2.7,0.0,0.0309
2026-09-14 18:11:36,webcam#93,frame,opencv,1280,720,175.9,178.6,2.7,0.0,0.0323
2026-09-14 18:11:36,webcam#94,frame,opencv,1280,720,175.9,178.6,2.7,0.0,0.0301
2026-09-14 18:11:36,webcam#95,frame,opencv,1280,720,175.9,178.6,2.7,47.8,0.0322
2026-09-14 18:11:36,webcam#96,frame,opencv,1280,720,175.9,178.6,2.7,0.0,0.0313
2026-09-14 18:11:36,webcam#97,frame,opencv,1280,720,175.9,178.6,2.7,23.8,0.0652
2026-09-14 18:11:36,webcam#98,frame,opencv,1280,720,175.9,178.6,2.7,0.0,0.0303
2026-09-14 18:11:36,webcam#99,frame,opencv,1280,720,175.9,178.6,2.7,48.1,0.0321
2026-09-14 18:11:48,webcam#0,frame,opencv,1280,720,203.9,211.9,8.0,0.0,0.439
2026-09-14 18:11:48,webcam#1,frame,opencv,1280,720,209.2,219.1,9.9,41.6,0.0372
2026-09-14 18:11:48,webcam#2,frame,opencv,1280,720,216.4,219.1,2.7,57.6,0.0267
2026-09-14 18:11:48,webcam#3,frame,opencv,1280,720,216.4,219.1,2.7,0.0,0.0325
2026-09-14 18:11:48,webcam#4,frame,opencv,1280,720,216.5,219.1,2.6,48.4,0.0317
2026-09-14 18:11:48,webcam#5,frame,opencv,1280,720,216.5,219.1,2.6,50.1,0.0308
2026-09-14 18:11:48,webcam#6,frame,opencv,1280,720,216.5,219.1,2.6,92.8,0.0332
2026-09-14 18:11:48,webcam#7,frame,opencv,1280,720,216.5,219.1,2.6,49.8,0.0309
2026-09-14 18:11:48,webcam#8,frame,opencv,1280,720,216.5,219.1,2.6,50.0,0.0308
2026-09-14 18:11:48,webcam#9,frame,opencv,1280,720,216.5,219.1,2.6,0.0,0.0316
2026-09-14 18:11:48,webcam#10,frame,opencv,1280,720,216.5,219.1,2.6,0.0,0.0332
2026-09-14 18:11:48,webcam#11,frame,opencv,1280,720,216.5,219.1,2.6,0.0,0.0309
2026-09-14 18:11:48,webcam#12,frame,opencv,1280,720,216.5,219.1,2.6,0.0,0.0307
2026-09-14 18:11:48,webcam#13,frame,opencv,1280,720,216.5,219.1,2.6,49.1,0.0314
2026-09-14 18:11:48,webcam#14,frame,opencv,1280,720,216.5,219.1,2.6,0.0,0.032
2026-09-14 18:11:48,webcam#15,frame,opencv,1280,720,216.5,219.1,2.6,33.7,0.0459
2026-09-14 18:11:48,webcam#16,frame,opencv,1280,720,216.5,219.1,2.6,98.3,0.0314
2026-09-14 18:11:48,webcam#17,frame,opencv,1280,720,216.5,219.1,2.6,0.0,0.0333
2026-09-14 18:11:49,webcam#18,frame,opencv,1280,720,216.5,219.1,2.6,100.4,0.0306
2026-09-14 18:11:49,webcam#19,frame,opencv,1280,720,216.5,219.1,2.6,0.0,0.0314
2026-09-14 18:11:49,webcam#20,frame,opencv,1280,720,216.5,219.1,2.6,187.6,0.0327
2026-09-14 18:11:49,webcam#21,frame,opencv,1280,720,216.5,219.1,2.6,0.0,0.0297
2026-09-14 18:11:49,webcam#22,frame,opencv,1280,720,216.5,219.1,2.6,233.5,0.0329
2026-09-14 18:11:49,webcam#23,frame,opencv,1280,720,216.5,219.1,2.6,156.9,0.0294
2026-09-14 18:11:49,webcam#24,frame,opencv,1280,720,216.5,219.1,2.6,0.0,0.032
2026-09-14 18:11:49,webcam#25,frame,opencv,1280,720,216.5,219.1,2.6,0.0,0.032
2026-09-14 18:11:49,webcam#26,frame,opencv,1280,720,216.5,219.1,2.6,0.0,0.0308
2026-09-14 18:11:49,webcam#27,frame,opencv,1280,720,216.5,219.1,2.6,48.2,0.032
2026-09-14 18:11:49,webcam#28,frame,opencv,1280,720,216.5,219.1,2.6,0.0,0.0304
2026-09-14 18:11:49,webcam#29,frame,opencv,1280,720,216.5,219.1,2.6,32.4,0.0477
2026-09-14 18:11:49,webcam#30,frame,opencv,1280,720,216.5,219.1,2.6,49.5,0.0312
2026-09-14 18:11:49,webcam#31,frame,opencv,1280,720,216.5,219.1,2.6,47.9,0.0321
2026-09-14 18:11:49,webcam#32,frame,opencv,1280,720,216.5,219.1,2.6,48.2,0.0319
2026-09-14 18:11:49,webcam#33,frame,opencv,1280,720,216.5,219.1,2.6,49.7,0.0309
2026-09-14 18:11:49,webcam#34,frame,opencv,1280,720,216.5,219.1,2.6,48.3,0.0319
2026-09-14 18:11:49,webcam#35,frame,opencv,1280,720,216.5,219.1,2.6,0.0,0.0322
2026-09-14 18:11:49,webcam#36,frame,opencv,1280,720,216.5,219.1,2.6,0.0,0.0313
2026-09-14 18:11:49,webcam#37,frame,opencv,1280,720,216.5,219.1,2.6,49.6,0.031
2026-09-14 18:11:49,webcam#38,frame,opencv,1280,720,216.5,219.1,2.6,49.2,0.0313
2026-09-14 18:11:49,webcam#39,frame,opencv,1280,720,216.5,219.1,2.6,48.5,0.0317
2026-09-14 18:11:49,webcam#40,frame,opencv,1280,720,216.5,219.1,2.6,47.7,0.0323
2026-09-14 18:11:49,webcam#41,frame,opencv,1280,720,216.5,219.1,2.6,0.0,0.0315
2026-09-14 18:11:49,webcam#42,frame,opencv,1280,720,216.5,219.1,2.6,33.0,0.0469
2026-09-14 18:11:49,webcam#43,frame,opencv,1280,720,216.5,219.1,2.6,100.9,0.0305
2026-09-14 18:11:49,webcam#44,frame,opencv,1280,720,216.5,219.1,2.6,47.7,0.0324
2026-09-14 18:11:49,webcam#45,frame,opencv,1280,720,216.5,219.1,2.6,0.0,0.0319
2026-09-14 18:11:49,webcam#46,frame,opencv,1280,720,216.5,219.1,2.6,48.9,0.0315
2026-09-14 18:11:49,webcam#47,frame,opencv,1280,720,216.5,219.1,2.6,50.0,0.0308
2026-09-14 18:11:50,webcam#48,frame,opencv,1280,720,216.5,219.1,2.6,46.7,0.0329
2026-09-14 18:11:50,webcam#49,frame,opencv,1280,720,216.5,219.1,2.6,50.3,0.0306
2026-09-14 18:11:50,webcam#50,frame,opencv,1280,720,216.5,219.1,2.6,48.8,0.0316
2026-09-14 18:11:50,webcam#51,frame,opencv,1280,720,216.5,219.1,2.6,0.0,0.0311
2026-09-14 18:11:50,webcam#52,frame,opencv,1280,720,216.5,219.1,2.6,0.0,0.0311
2026-09-14 18:11:50,webcam#53,frame,opencv,1280,720,216.5,219.1,2.6,0.0,0.0316
2026-09-14 18:11:50,webcam#54,frame,opencv,1280,720,216.5,219.1,2.6,47.9,0.0322
2026-09-14 18:11:50,webcam#55,frame,opencv,1280,720,216.5,219.1,2.6,95.5,0.0322
2026-09-14 18:11:50,webcam#56,frame,opencv,1280,720,216.5,219.1,2.6,0.0,0.047
2026-09-14 18:11:50,webcam#57,frame,opencv,1280,720,216.5,219.1,2.6,48.9,0.0315
2026-09-14 18:11:50,webcam#58,frame,opencv,1280,720,216.5,219.1,2.6,47.1,0.0327
2026-09-14 18:11:50,webcam#59,frame,opencv,1280,720,216.5,219.1,2.6,0.0,0.0303
2026-09-14 18:11:50,webcam#60,frame,opencv,1280,720,216.5,219.1,2.6,0.0,0.0316
2026-09-14 18:11:50,webcam#61,frame,opencv,1280,720,216.5,219.1,2.6,0.0,0.0316
2026-09-14 18:11:50,webcam#62,frame,opencv,1280,720,216.5,219.1,2.6,49.7,0.0309
2026-09-14 18:11:50,webcam#63,frame,opencv,1280,720,216.5,219.1,2.6,0.0,0.0314
2026-09-14 18:11:50,webcam#64,frame,opencv,1280,720,216.5,219.1,2.6,46.0,0.0336
2026-09-14 18:11:50,webcam#65,frame,opencv,1280,720,216.5,219.1,2.6,0.0,0.0294
2026-09-14 18:11:50,webcam#66,frame,opencv,1280,720,216.5,219.1,2.6,47.4,0.0325
2026-09-14 18:11:50,webcam#67,frame,opencv,1280,720,216.5,219.1,2.6,0.0,0.0303
2026-09-14 18:11:50,webcam#68,frame,opencv,1280,720,216.5,219.1,2.6,48.1,0.032
2026-09-14 18:11:50,webcam#69,frame,opencv,1280,720,216.5,219.1,2.6,47.8,0.0322
2026-09-14 18:11:50,webcam#70,frame,opencv,1280,720,216.5,219.1,2.6,0.0,0.0466
2026-09-14 18:11:50,webcam#71,frame,opencv,1280,720,216.5,219.1,2.6,49.9,0.0309
2026-09-14 18:11:50,webcam#72,frame,opencv,1280,720,216.5,219.1,2.6,47.9,0.0321
2026-09-14 18:11:50,webcam#73,frame,opencv,1280,720,216.5,219.1,2.6,48.2,0.0319
2026-09-14 18:11:50,webcam#74,frame,opencv,1280,720,216.5,219.1,2.6,0.0,0.0322
2026-09-14 18:11:50,webcam#75,frame,opencv,1280,720,216.5,219.1,2.6,0.0,0.0312
2026-09-14 18:11:50,webcam#76,frame,opencv,1280,720,216.5,219.1,2.6,47.5,0.0325
2026-09-14 18:11:50,webcam#77,frame,opencv,1280,720,216.5,219.1,2.6,50.7,0.0304
2026-09-14 18:11:51,webcam#78,frame,opencv,1280,720,216.5,219.1,2.6,0.0,0.0318
2026-09-14 18:11:51,webcam#79,frame,opencv,1280,720,216.5,219.1,2.6,0.0,0.0311
2026-09-14 18:11:51,webcam#80,frame,opencv,1280,720,216.5,219.1,2.6,49.2,0.0313
2026-09-14 18:11:51,webcam#81,frame,opencv,1280,720,216.5,219.1,2.6,0.0,0.0331
2026-09-14 18:11:51,webcam#82,frame,opencv,1280,720,216.5,219.1,2.6,50.1,0.0308
2026-09-14 18:11:51,webcam#83,frame,opencv,1280,720,216.5,219.1,2.6,33.2,0.0465
2026-09-14 18:11:51,webcam#84,frame,opencv,1280,720,216.5,219.1,2.6,46.8,0.0329
2026-09-14 18:11:51,webcam#85,frame,opencv,1280,720,216.5,219.1,2.6,0.0,0.0308
2026-09-14 18:11:51,webcam#86,frame,opencv,1280,720,216.5,219.1,2.6,0.0,0.0312
2026-09-14 18:11:51,webcam#87,frame,opencv,1280,720,216.5,219.1,2.6,49.3,0.0312
2026-09-14 18:11:51,webcam#88,frame,opencv,1280,720,216.5,219.1,2.6,46.4,0.0332
2026-09-14 18:11:51,webcam#89,frame,opencv,1280,720,216.5,219.1,2.6,50.5,0.0305
2026-09-14 18:11:51,webcam#90,frame,opencv,1280,720,216.5,219.1,2.6,49.1,0.0314
2026-09-14 18:11:51,webcam#91,frame,opencv,1280,720,216.5,219.1,2.6,46.5,0.0332
2026-09-14 18:11:51,webcam#92,frame,opencv,1280,720,216.5,219.1,2.6,0.0,0.0293
2026-09-14 18:11:51,webcam#93,frame,opencv,1280,720,216.5,219.1,2.6,0.0,0.033
2026-09-14 18:11:51,webcam#94,frame,opencv,1280,720,216.5,219.1,2.6,49.8,0.031
2026-09-14 18:11:51,webcam#95,frame,opencv,1280,720,216.5,219.1,2.6,0.0,0.0313
2026-09-14 18:11:51,webcam#96,frame,opencv,1280,720,216.5,219.1,2.6,0.0,0.0794
2026-09-14 18:11:51,webcam#97,frame,opencv,1280,720,216.5,222.7,6.2,93.7,0.0328
2026-09-14 18:11:51,webcam#98,frame,opencv,1280,720,220.1,226.3,6.2,0.0,0.0024
2026-09-14 18:11:51,webcam#99,frame,opencv,1280,720,223.6,226.3,2.7,235.6,0.026
